processing.py:buildtime/py/astpp.py	56	Jonathan Feinberg:76:0,Jonathan Feinberg:11:31	57	Jonathan Feinberg:57.1	
processing.py:buildtime/py/pde2py.py	126	Jonathan Feinberg:60:0,Jonathan Feinberg:19:7,Jonathan Feinberg:3:7,Jonathan Feinberg:27:6,Jonathan Feinberg:9:2,Jonathan Feinberg:2:0,Jonathan Feinberg:14:4,Jonathan Feinberg:1:1,Jonathan Feinberg:3:3,Jonathan Feinberg:6:6,Jonathan Feinberg:26:8	130	Jonathan Feinberg:130.0	
processing.py:buildtime/py/use_with.py	73	Jonathan Feinberg:73:0	73	Jonathan Feinberg:73	
processing.py:create_build.sh	11	Jonathan Feinberg:11:0,Jonathan Feinberg:2:2	11	Jonathan Feinberg:11.2	
processing.py:examples.py/3D/Camera/MoveEye.py	27	Jonathan Feinberg:25:0,Prabhjot Singh:8:4,Prabhjot Singh:0:2	27	Jonathan Feinberg:Prabhjot Singh:3.35510204082,Jonathan Feinberg:19.9442176871,Prabhjot Singh:4.10068027211	
processing.py:examples.py/3D/Camera/OrthoVSPerspective.py	40	Jonathan Feinberg:35:0,Jonathan Feinberg:1:0,Prabhjot Singh:27:22,Prabhjot Singh:3:4	42	Jonathan Feinberg:Prabhjot Singh:20.3307291667,Jonathan Feinberg:14.8359375,Prabhjot Singh:7.33333333333	
processing.py:examples.py/3D/Camera/Perspective.py	37	Jonathan Feinberg:36:0,Jonathan Feinberg:1:0,Prabhjot Singh:14:14,Prabhjot Singh:1:1	38	Jonathan Feinberg:Prabhjot Singh:13.171875,Jonathan Feinberg:23.828125,Prabhjot Singh:1.5	
processing.py:examples.py/3D/Form/CubicGrid.py	45	Jonathan Feinberg:45:0,Jonathan Feinberg:5:5	45	Jonathan Feinberg:45.5	
processing.py:examples.py/3D/Form/Primitives3D.py	28	Jonathan Feinberg:26:0,Prabhjot Singh:12:10	29	Jonathan Feinberg:Prabhjot Singh:9.0,Jonathan Feinberg:17.0,Prabhjot Singh:3.0	
processing.py:examples.py/3D/Form/RGBCube.py	92	Jonathan Feinberg:92:0	92	Jonathan Feinberg:92	
processing.py:examples.py/3D/Form/ShapeTransform.py	74	Jonathan Feinberg:87:0,Jonathan Feinberg:33:46,Jonathan Feinberg:1:1,Jonathan Feinberg:1:1	77	Jonathan Feinberg:77.5	
processing.py:examples.py/3D/Form/Toroid.py	152	Jonathan Feinberg:139:0,Jonathan Feinberg:51:41,Jonathan Feinberg:6:6,Jonathan Feinberg:4:1,Jonathan Feinberg:1:1	156	Jonathan Feinberg:156.9	
processing.py:examples.py/3D/Form/Vertices.py	57	Jonathan Feinberg:57:0	57	Jonathan Feinberg:57	
processing.py:examples.py/3D/Form/bricktower.py	50	Jonathan Feinberg:55:0,Jonathan Feinberg:2:6,Jonathan Feinberg:1:1,Jonathan Feinberg:3:1,Jonathan Feinberg:3:7,Prabhjot Singh:10:9	51	Jonathan Feinberg:Prabhjot Singh:8.1,Jonathan Feinberg:41.6,Prabhjot Singh:1.9	
processing.py:examples.py/3D/Image/Explode.py	39	Jonathan Feinberg:34:0,Jonathan Feinberg:4:3,Jonathan Feinberg:8:4	39	Jonathan Feinberg:39.7	
processing.py:examples.py/3D/Textures/TextureCube.py	80	Jonathan Feinberg:76:0,Jonathan Feinberg:0:1,Ralf Biedert:2:2,Jonathan Feinberg:6:1	80	Jonathan Feinberg:Ralf Biedert:1.80239361702,Jonathan Feinberg:78.3,Ralf Biedert:0.197606382979	
processing.py:examples.py/3D/Typography/KineticType.py	43	Jonathan Feinberg:40:0,Jonathan Feinberg:4:0,Jonathan Feinberg:7:0,Jonathan Feinberg:0:6,Jonathan Feinberg:1:1,Jonathan Feinberg:1:1,Jonathan Feinberg:1:1,Jonathan Feinberg:1:1,Jonathan Feinberg:1:3	43	Jonathan Feinberg:43.5	
processing.py:examples.py/Basics/Color/WaveGradient.py	35	Jonathan Feinberg:32:0,Jonathan Feinberg:3:1,Ayush Goyal:2:1	35	Ayush Goyal:Jonathan Feinberg:0.9,Jonathan Feinberg:33.2,Ayush Goyal:1.1	
processing.py:examples.py/Basics/Math/AdditiveWave.py	59	Jonathan Feinberg:59:0	59	Jonathan Feinberg:59	
processing.py:examples.py/Basics/Math/NoiseWave.py	51	Jonathan Feinberg:52:0,Jonathan Feinberg:0:1	51	Jonathan Feinberg:51.0	
processing.py:examples.py/Basics/Math/noisefield.py	22	Jonathan Feinberg:20:0,Jonathan Feinberg:2:2,Ralf Biedert:4:2,Jonathan Feinberg:3:3	22	Jonathan Feinberg:Ralf Biedert:2.06517857143,Jonathan Feinberg:18.7,Ralf Biedert:1.93482142857	
processing.py:examples.py/Basics/Math/simple_noisefield.py	14	Jonathan Feinberg:14:0	14	Jonathan Feinberg:14	
processing.py:examples.py/Basics/Shape/LoadDisplayShape.py	23	Jonathan Feinberg:23:0	23	Jonathan Feinberg:23	
processing.py:examples.py/Basics/Shape/ScaleShape.py	24	Jonathan Feinberg:24:0	24	Jonathan Feinberg:24	
processing.py:examples.py/Fisica/anchors.py	91	Jonathan Feinberg:93:0,Jonathan Feinberg:0:2	91	Jonathan Feinberg:91.0	
processing.py:examples.py/Fisica/bubbles.py	65	Jonathan Feinberg:68:0,Jonathan Feinberg:0:3	65	Jonathan Feinberg:65.0	
processing.py:examples.py/Fisica/buttons.py	97	Jonathan Feinberg:97:0	97	Jonathan Feinberg:97	
processing.py:examples.py/Fisica/compound.py	90	Jonathan Feinberg:90:0	90	Jonathan Feinberg:90	
processing.py:examples.py/Fisica/contact_remove.py	51	Jonathan Feinberg:51:0	51	Jonathan Feinberg:51	
processing.py:examples.py/Fisica/contact_resize.py	42	Jonathan Feinberg:50:0,Jonathan Feinberg:10:18	43	Jonathan Feinberg:43.0	
processing.py:examples.py/Fisica/contacts.py	85	Jonathan Feinberg:85:0	85	Jonathan Feinberg:85	
processing.py:examples.py/Fisica/densities.py	59	Jonathan Feinberg:55:0,Jonathan Feinberg:8:4	59	Jonathan Feinberg:59.4	
processing.py:examples.py/Fisica/droppings.py	79	Jonathan Feinberg:79:0	79	Jonathan Feinberg:79	
processing.py:examples.py/Fisica/inherit.py	61	Jonathan Feinberg:61:0,Jonathan Feinberg:1:1	61	Jonathan Feinberg:61.1	
processing.py:examples.py/Fisica/joints.py	87	Jonathan Feinberg:87:0	87	Jonathan Feinberg:87	
processing.py:examples.py/Fisica/polygons.py	64	Jonathan Feinberg:64:0	64	Jonathan Feinberg:64	
processing.py:examples.py/Fisica/raycast.py	52	Jonathan Feinberg:52:0	52	Jonathan Feinberg:52	
processing.py:examples.py/Fisica/restitutions.py	39	Jonathan Feinberg:39:0	39	Jonathan Feinberg:39	
processing.py:examples.py/Library/Minim (Sound)/LoadSample.py	65	Jonathan Feinberg:65:0,Jonathan Feinberg:3:3,Jonathan Feinberg:1:1	65	Jonathan Feinberg:65.4	
processing.py:examples.py/Library/OpenGL/Esfera.py	75	Jonathan Feinberg:75:0	75	Jonathan Feinberg:75	
processing.py:examples.py/Library/OpenGL/SpaceJunk.py	55	Jonathan Feinberg:58:0,Jonathan Feinberg:7:10	55	Jonathan Feinberg:55.7	
processing.py:examples.py/Library/PDF Export/OneFrame.py	19	Jonathan Feinberg:22:0,Jonathan Feinberg:1:1,Alexandre B A Villares:6:9	19	Alexandre B A Villares:Jonathan Feinberg:4.66696832579,Jonathan Feinberg:14.4330316742,Alexandre B A Villares:0.6	
processing.py:examples.py/PShader/andres.py	20	Jonathan Feinberg:20:0	20	Jonathan Feinberg:20	
processing.py:examples.py/Python/colornames/colorsketch.py	20	Jonathan Feinberg:17:0,Jonathan Feinberg:3:1,Jonathan Feinberg:2:1	20	Jonathan Feinberg:20.2	
processing.py:examples.py/Python/colornames/namethatcolor/NameThatColor.py	179	Jonathan Feinberg:179:0,Jonathan Feinberg:33:10,Jonathan Feinberg:10:33	181	Jonathan Feinberg:181.0	
processing.py:examples.py/Python/colornames/namethatcolor/__init__.py	2	Jonathan Feinberg:2:0	2	Jonathan Feinberg:2	
processing.py:examples.py/ThirdParty/controlp5-demo.py	57	Jonathan Feinberg:57:0	57	Jonathan Feinberg:57	
processing.py:examples.py/Topics/AdvancedData/directory_list.py	56	Jonathan Feinberg:56:0	56	Jonathan Feinberg:56	
processing.py:examples.py/Topics/AdvancedData/list_example.py	70	Jonathan Feinberg:74:0,Jonathan Feinberg:1:5	70	Jonathan Feinberg:70.1	
processing.py:examples.py/Topics/Effects/Metaball.py	56	Jonathan Feinberg:56:0,Jonathan Feinberg:0:2,Jonathan Feinberg:0:2,Jonathan Feinberg:3:3,Jonathan Feinberg:2:2,Jonathan Feinberg:1:1,Ralf Biedert:6:2,Jonathan Feinberg:2:2	57	Jonathan Feinberg:Ralf Biedert:1.93309859155,Jonathan Feinberg:51.0,Ralf Biedert:4.06690140845	
processing.py:examples.py/Topics/Image Processing/EdgeDetection.py	35	Jonathan Feinberg:35:0	35	Jonathan Feinberg:35	
processing.py:examples.py/peasycam.py	19	Jonathan Feinberg:19:0	19	Jonathan Feinberg:19	
processing.py:misc/ast/astpp.py	76	Jonathan Feinberg:76:0	76	Jonathan Feinberg:76	
processing.py:mode/examples/Basics/Lists/ListObjects/module.py	29	Jonathan Feinberg:29:0	29	Jonathan Feinberg:29	
processing.py:mode/examples/Basics/Math/Arctangent/eye.py	20	Jonathan Feinberg:50:0,Jonathan Feinberg:0:29,Jonathan Feinberg:1:2	20	Jonathan Feinberg:20.1	
processing.py:mode/examples/Basics/Objects/CompositeObjects/egg.py	27	Miles Peyton:31:0,Miles Peyton:0:2,Jonathan Feinberg:2:4	27	Jonathan Feinberg:Miles Peyton:1.67586206897,Jonathan Feinberg:0.2,Miles Peyton:25.324137931	
processing.py:mode/examples/Basics/Objects/CompositeObjects/egg_ring.py	19	Miles Peyton:19:0	19	Miles Peyton:19	
processing.py:mode/examples/Basics/Objects/CompositeObjects/ring.py	22	Miles Peyton:29:0,Miles Peyton:0:7,Miles Peyton:2:2	22	Miles Peyton:22.2	
processing.py:mode/examples/Contributed Libraries in Python/MSAFluid/particle.py	92	tildebyte:92:0	92	tildebyte:92	
processing.py:mode/examples/Contributed Libraries in Python/MSAFluid/particle_system.py	83	tildebyte:83:0,tildebyte:1:1	83	tildebyte:83.1	
processing.py:mode/examples/Demos/Graphics/Particles/particle.py	42	Jonathan Feinberg:42:0,tildebyte:2:2	42	Jonathan Feinberg:tildebyte:1.8,Jonathan Feinberg:40.2,tildebyte:0.2	
processing.py:mode/examples/Demos/Graphics/Particles/particle_system.py	22	Jonathan Feinberg:25:0,tildebyte:9:11,tildebyte:7:8	23	Jonathan Feinberg:tildebyte:11.0671453231,Jonathan Feinberg:10.9705115807,tildebyte:1.56234309623	
processing.py:mode/examples/Demos/Graphics/Tentacles/segment.py	32	tildebyte:32:0	32	tildebyte:32	
processing.py:mode/examples/Demos/Graphics/Tentacles/tentacle.py	25	tildebyte:25:0	25	tildebyte:25	
processing.py:mode/examples/Demos/Graphics/Trefoil/Surface.py	103	Alexandre B A Villares:106:0,Alexandre B A Villares:1:4	103	Alexandre B A Villares:103.1	
processing.py:mode/examples/Demos/Graphics/Yellowtail/gesture.py	206	Jonathan Feinberg:206:0	206	Jonathan Feinberg:206	
processing.py:mode/examples/Demos/Graphics/Yellowtail/vec3f.py	13	Jonathan Feinberg:13:0	13	Jonathan Feinberg:13	
processing.py:mode/examples/Topics/AdvancedData/A_List/Ball.py	31	Alexandre B A Villares:34:0,Alexandre B A Villares:2:5	31	Alexandre B A Villares:31.2	
processing.py:mode/examples/Topics/AdvancedData/LoadSaveTable/Bubble.py	28	Surya Midatala:31:0,Surya Midatala:6:9	28	Surya Midatala:28.6	
processing.py:mode/examples/Topics/Animation/AnimatedSprite/animation.py	18	Miles Peyton:19:0,tildebyte:1:2,tildebyte:1:1	18	tildebyte:0.2,Miles Peyton:tildebyte:1.70526315789,Miles Peyton:16.2947368421	
processing.py:mode/examples/Topics/Cellular Automata/Wolfram/CA.py	87	Alexandre B A Villares:90:0,Alexandre B A Villares:7:10	87	Alexandre B A Villares:87.7	
processing.py:mode/examples/Topics/Create Shapes/ParticleSystemPShape/particle.py	61	Miles Peyton:70:0,Miles Peyton:11:8,Miles Peyton:2:11,Miles Peyton:6:6,Jonathan Feinberg:7:7,Ben Alkov:0:3	63	Jonathan Feinberg:Miles Peyton:6.0149321267,Jonathan Feinberg:0.668325791855,Miles Peyton:56.6167420814	
processing.py:mode/examples/Topics/Create Shapes/ParticleSystemPShape/particle_system.py	33	Miles Peyton:34:0,Miles Peyton:0:2,Miles Peyton:1:1,Jonathan Feinberg:2:1	33	Jonathan Feinberg:Miles Peyton:0.9,Jonathan Feinberg:1.1,Miles Peyton:31.2	
processing.py:mode/examples/Topics/Create Shapes/PolygonPShapeOOP/star.py	39	Miles Peyton:40:0,Jonathan Feinberg:1:2	39	Jonathan Feinberg:Miles Peyton:0.8775,Jonathan Feinberg:0.1,Miles Peyton:38.1225	
processing.py:mode/examples/Topics/Create Shapes/PolygonPShapeOOP2/polygon.py	21	Miles Peyton:29:0,Miles Peyton:1:7,Miles Peyton:2:3,Jonathan Feinberg:1:2	21	Jonathan Feinberg:Miles Peyton:0.859641255605,Jonathan Feinberg:0.1,Miles Peyton:20.4403587444	
processing.py:mode/examples/Topics/Create Shapes/PolygonPShapeOOP3/polygon.py	21	Miles Peyton:29:0,Miles Peyton:0:7,Miles Peyton:2:2,Jonathan Feinberg:1:2	21	Jonathan Feinberg:Miles Peyton:0.859459459459,Jonathan Feinberg:0.1,Miles Peyton:20.3405405405	
processing.py:mode/examples/Topics/Create Shapes/WigglePShape/wiggler.py	51	Miles Peyton:59:0,Miles Peyton:1:1,Miles Peyton:7:12,Miles Peyton:0:1,Jonathan Feinberg:1:2,Ben Alkov:1:2	52	Jonathan Feinberg:Miles Peyton:0.851831142722,Ben Alkov:Miles Peyton:0.866574374038,Jonathan Feinberg:0.0964404787004,Ben Alkov:0.1,Ben Alkov:Jonathan Feinberg:0.00166916213135,Ben Alkov:Jonathan Feinberg:Miles Peyton:0.0147432313163,Miles Peyton:50.0687416111	
processing.py:mode/examples/Topics/Fractals and L-Systems/Koch/koch_fractal.py	59	Miles Peyton:62:0,Miles Peyton:10:13	60	Miles Peyton:60.0	
processing.py:mode/examples/Topics/Fractals and L-Systems/Koch/koch_line.py	53	Miles Peyton:56:0,Miles Peyton:2:2,Miles Peyton:0:3	53	Miles Peyton:53.2	
processing.py:mode/examples/Topics/Fractals and L-Systems/PenroseSnowflake/l_system.py	49	Miles Peyton:69:0,Miles Peyton:0:15,Miles Peyton:0:5,Jonathan Feinberg:1:2,Jonathan Feinberg:2:1	49	Jonathan Feinberg:Miles Peyton:1.76326530612,Jonathan Feinberg:1.2,Miles Peyton:46.2367346939	
processing.py:mode/examples/Topics/Fractals and L-Systems/PenroseSnowflake/penrose_snowflake_l_system.py	76	Miles Peyton:85:0,Miles Peyton:0:8,Miles Peyton:2:3,Jonathan Feinberg:1:2,Jonathan Feinberg:2:1	76	Jonathan Feinberg:Miles Peyton:1.77637795276,Jonathan Feinberg:1.2,Miles Peyton:73.4236220472	
processing.py:mode/examples/Topics/Fractals and L-Systems/PenroseTile/l_system.py	50	Miles Peyton:50:0,Jonathan Feinberg:1:2,Jonathan Feinberg:2:1	50	Jonathan Feinberg:Miles Peyton:1.764,Jonathan Feinberg:1.2,Miles Peyton:47.236	
processing.py:mode/examples/Topics/Fractals and L-Systems/PenroseTile/penrose_l_system.py	93	Miles Peyton:94:0,Miles Peyton:1:2,Jonathan Feinberg:1:2,Jonathan Feinberg:2:1	93	Jonathan Feinberg:Miles Peyton:1.78066595059,Jonathan Feinberg:1.2,Miles Peyton:90.3193340494	
processing.py:mode/examples/Topics/Fractals and L-Systems/Pentigree/l_system.py	51	Miles Peyton:51:0,Jonathan Feinberg:1:2,Jonathan Feinberg:2:1	51	Jonathan Feinberg:Miles Peyton:1.76470588235,Jonathan Feinberg:1.2,Miles Peyton:48.2352941176	
processing.py:mode/examples/Topics/Fractals and L-Systems/Pentigree/pentigree_l_system.py	56	Miles Peyton:57:0,Jonathan Feinberg:1:2,Jonathan Feinberg:2:2	56	Jonathan Feinberg:Miles Peyton:2.65263157895,Jonathan Feinberg:0.3,Miles Peyton:53.3473684211	
processing.py:mode/examples/Topics/GUI/Handles/handle.py	58	tildebyte:58:0	58	tildebyte:58	
processing.py:mode/examples/Topics/GUI/Scrollbar/hscrollbar.py	47	tildebyte:47:0	47	tildebyte:47	
processing.py:mode/examples/Topics/Geometry/Icosahedra/icosahedron.py	80	tildebyte:200:0,tildebyte:52:133,tildebyte:13:50,tildebyte:1:2,tildebyte:1:2	86	tildebyte:86.7	
processing.py:mode/examples/Topics/Geometry/Icosahedra/shape3d.py	6	tildebyte:21:0,tildebyte:0:15	6	tildebyte:6.0	
processing.py:mode/examples/Topics/Geometry/NoiseSphere/hair.py	31	tildebyte:32:0,tildebyte:6:6,Jonathan Feinberg:1:2	31	Jonathan Feinberg:tildebyte:0.872392638037,Jonathan Feinberg:0.1,tildebyte:30.727607362	
processing.py:mode/examples/Topics/Geometry/SpaceJunk/cube.py	106	tildebyte:108:0,tildebyte:2:2,Jonathan Feinberg:1:2,Jonathan Feinberg:0:1	106	Jonathan Feinberg:tildebyte:0.883371892512,Jonathan Feinberg:0.0990680335508,tildebyte:105.317560074	
processing.py:mode/examples/Topics/Motion/BouncyBubbles/ball.py	51	tildebyte:55:0,tildebyte:2:2,tildebyte:11:14,tildebyte:1:2	52	tildebyte:52.4	
processing.py:mode/examples/Topics/Motion/CircleCollision/ball.py	104	tildebyte:104:0	104	tildebyte:104	
processing.py:mode/examples/Topics/Motion/CubesWithinCube/cube.py	91	tildebyte:95:0,tildebyte:5:7,tildebyte:6:8	92	tildebyte:92.1	
processing.py:mode/examples/Topics/Motion/Reflection2/ground.py	11	tildebyte:11:0	11	tildebyte:11	
processing.py:mode/examples/Topics/Motion/Reflection2/orb.py	67	tildebyte:67:0	67	tildebyte:67	
processing.py:mode/examples/Topics/Simulate/Flocking/boid.py	162	Miles Peyton:163:0,Miles Peyton:8:7,Jonathan Feinberg:2:4	162	Jonathan Feinberg:Miles Peyton:1.7781420765,Jonathan Feinberg:0.2,Miles Peyton:160.921857923	
processing.py:mode/examples/Topics/Simulate/Flocking/flock.py	14	Miles Peyton:14:0	14	Miles Peyton:14	
processing.py:mode/examples/Topics/Simulate/ForcesWithVectors/liquid.py	44	Miles Peyton:48:0,Miles Peyton:3:5,Jonathan Feinberg:0:2	44	Miles Peyton:44.3	
processing.py:mode/examples/Topics/Simulate/ForcesWithVectors/mover.py	50	Miles Peyton:50:0	50	Miles Peyton:50	
processing.py:mode/examples/Topics/Simulate/GravitationalAttraction3D/planet.py	34	Miles Peyton:35:0,Jonathan Feinberg:1:2	34	Jonathan Feinberg:Miles Peyton:0.874285714286,Jonathan Feinberg:0.1,Miles Peyton:33.1257142857	
processing.py:mode/examples/Topics/Simulate/GravitationalAttraction3D/sun.py	34	Miles Peyton:35:0,Jonathan Feinberg:1:2	34	Jonathan Feinberg:Miles Peyton:0.874285714286,Jonathan Feinberg:0.1,Miles Peyton:33.1257142857	
processing.py:mode/examples/Topics/Simulate/MultipleParticleSystems/crazy_particle.py	37	Miles Peyton:32:0,Miles Peyton:16:15,Miles Peyton:16:11,Jonathan Feinberg:1:2,Jonathan Feinberg:1:1	39	Jonathan Feinberg:Miles Peyton:1.75566502463,Jonathan Feinberg:0.2,Miles Peyton:37.8443349754	
processing.py:mode/examples/Topics/Simulate/MultipleParticleSystems/particle.py	29	Miles Peyton:32:0,Miles Peyton:19:22,Miles Peyton:1:1	31	Miles Peyton:31.0	
processing.py:mode/examples/Topics/Simulate/MultipleParticleSystems/particle_system.py	37	Miles Peyton:39:0,Miles Peyton:28:30,Miles Peyton:1:1	39	Miles Peyton:39.9	
processing.py:mode/examples/Topics/Simulate/SimpleParticleSystem/particle.py	29	Miles Peyton:37:0,Miles Peyton:19:27,Miles Peyton:1:1	31	Miles Peyton:31.0	
processing.py:mode/examples/Topics/Simulate/SimpleParticleSystem/particle_system.py	22	Miles Peyton:21:0,Miles Peyton:16:15,Miles Peyton:1:1	23	Miles Peyton:23.6	
processing.py:mode/examples/Topics/Simulate/SmokeParticleSystem/particle.py	45	Miles Peyton:52:0,Miles Peyton:30:34,Miles Peyton:1:4	48	Miles Peyton:48.1	
processing.py:mode/examples/Topics/Simulate/SmokeParticleSystem/particle_system.py	31	Miles Peyton:35:0,Miles Peyton:21:25,Miles Peyton:1:1	33	Miles Peyton:33.2	
processing.py:mode/examples/Topics/Vectors/AccelerationWithVectors/mover.py	40	Miles Peyton:43:0,Miles Peyton:3:6	40	Miles Peyton:40.3	
processing.py:mode/formatter/autopep8.py	3589	Jonathan Feinberg:3589:0	3589	Jonathan Feinberg:3589	
processing.py:mode/formatter/format_server.py	36	Jonathan Feinberg:26:0,Jonathan Feinberg:5:1,Jonathan Feinberg:3:1,Jonathan Feinberg:6:4,Jonathan Feinberg:3:1,Jonathan Feinberg:2:2	36	Jonathan Feinberg:36.9	
processing.py:mode/formatter/pep8.py	1944	Jonathan Feinberg:1944:0	1944	Jonathan Feinberg:1944	
processing.py:processing-py.sh	123	Ralf Biedert:7:0,Ralf Biedert:78:4,Ralf Biedert:2:0,Ralf Biedert:6:3,Ralf Biedert:5:2,Ralf Biedert:22:2,Ralf Biedert:13:0,Jonathan Feinberg:3:3,Amit Kotlovski:2:1	124	Jonathan Feinberg:Ralf Biedert:2.68030794165,Jonathan Feinberg:0.297811993517,Amit Kotlovski:Jonathan Feinberg:0.00218800648298,Ralf Biedert:119.521880065,Amit Kotlovski:1.1,Amit Kotlovski:Ralf Biedert:0.87811993517,Amit Kotlovski:Jonathan Feinberg:Ralf Biedert:0.0196920583468	
processing.py:runtime/src/jycessing/DevNullPrinter.java	16	Jonathan Feinberg:11:0,Jonathan Feinberg:5:0	16	Jonathan Feinberg:16	
processing.py:runtime/src/jycessing/DisplayType.java	6	James:6:0,Jonathan Feinberg:1:2,Jonathan Feinberg:2:1	6	James:3.5,Jonathan Feinberg:1.2,James:Jonathan Feinberg:1.5	
processing.py:runtime/src/jycessing/IOUtil.java	94	Jonathan Feinberg:38:0,Jonathan Feinberg:41:4,Jonathan Feinberg:22:18,Jonathan Feinberg:2:2,Jonathan Feinberg:12:0,Jonathan Feinberg:4:1	96	Jonathan Feinberg:96.5	
processing.py:runtime/src/jycessing/LibraryImporter.java	433	Jonathan Feinberg:111:0,Jonathan Feinberg:25:7,Jonathan Feinberg:5:2,Jonathan Feinberg:13:6,Jonathan Feinberg:1:3,Jonathan Feinberg:1:1,Jonathan Feinberg:33:2,Jonathan Feinberg:2:14,Jonathan Feinberg:1:1,Jonathan Feinberg:125:39,Jonathan Feinberg:1:4,James:1:3,James Gilles:16:1,James Gilles:2:8,James Gilles:192:30,James Gilles:17:26,James Gilles:14:15,James Gilles:7:4,Jonathan Feinberg:30:23,Jonathan Feinberg:2:3,Jonathan Feinberg:46:37,Jonathan Feinberg:2:0,Jonathan Feinberg:2:0,Jonathan Feinberg:15:13,Jonathan Feinberg:13:0	455	James Gilles:154.12874259,James:Jonathan Feinberg:0.706213720602,James:0.065984007623,Jonathan Feinberg:230.970929357,James Gilles:Jonathan Feinberg:69.5561626016,James:James Gilles:0.0146945778069,James:James Gilles:Jonathan Feinberg:0.157273146017	
processing.py:runtime/src/jycessing/MixedModeError.java	11	Jonathan Feinberg:7:0,Jonathan Feinberg:1:1,Jonathan Feinberg:5:0,Jonathan Feinberg:0:1	11	Jonathan Feinberg:11.1	
processing.py:runtime/src/jycessing/MixedSmoothError.java	11	Jonathan Feinberg:11:0	11	Jonathan Feinberg:11	
processing.py:runtime/src/jycessing/PAppletJythonDriver.java	1695	Jonathan Feinberg:235:0,Jonathan Feinberg:17:0,Jonathan Feinberg:14:0,Jonathan Feinberg:2188:37,Jonathan Feinberg:0:2363,Jonathan Feinberg:17:12,Jonathan Feinberg:29:9,Jonathan Feinberg:95:14,Jonathan Feinberg:25:8,Jonathan Feinberg:7:0,Jonathan Feinberg:2:9,Jonathan Feinberg:5:0,Jonathan Feinberg:1:0,Jonathan Feinberg:15:0,Jonathan Feinberg:5:2,Jonathan Feinberg:1:2,Jonathan Feinberg:13:6,Jonathan Feinberg:3:3,Jonathan Feinberg:72:31,Jonathan Feinberg:17:3,Jonathan Feinberg:5:3,Jonathan Feinberg:9:7,Jonathan Feinberg:0:3,Jonathan Feinberg:11:2,Jonathan Feinberg:14:11,Jonathan Feinberg:54:0,Jonathan Feinberg:1:0,Jonathan Feinberg:32:7,Jonathan Feinberg:21:20,Jonathan Feinberg:31:22,Jonathan Feinberg:6:0,Jonathan Feinberg:2:0,Jonathan Feinberg:16:1,Jonathan Feinberg:11:10,Jonathan Feinberg:3:2,Jonathan Feinberg:5:2,Jonathan Feinberg:12:16,Ralf Biedert:2:2,Ralf Biedert:14:1,Ralf Biedert:36:1,Jonathan Feinberg:14:1,Jonathan Feinberg:27:0,Jonathan Feinberg:8:2,Jonathan Feinberg:40:1,Jonathan Feinberg:189:75,Jonathan Feinberg:12:46,Jonathan Feinberg:35:0,Jonathan Feinberg:39:4,Jonathan Feinberg:1:1,Jonathan Feinberg:5:7,Jonathan Feinberg:14:5,Jonathan Feinberg:1:36,Jonathan Feinberg:44:4,Jonathan Feinberg:31:20,Jonathan Feinberg:12:0,Jonathan Feinberg:2:2,Jonathan Feinberg:10:0,Jonathan Feinberg:5:1,Jonathan Feinberg:38:22,Jonathan Feinberg:19:98,Jonathan Feinberg:25:9,Jonathan Feinberg:22:7,Jonathan Feinberg:43:20,Jonathan Feinberg:7:3,Jonathan Feinberg:1:0,Jonathan Feinberg:6:1,Jonathan Feinberg:4:3,Jonathan Feinberg:24:0,Jonathan Feinberg:9:2,Jonathan Feinberg:1:1,Jonathan Feinberg:1:7,Jonathan Feinberg:8:0,Jonathan Feinberg:5:1,Jonathan Feinberg:1:1,Jonathan Feinberg:3:3,Jonathan Feinberg:41:4,Jonathan Feinberg:81:17,Jonathan Feinberg:82:1,Jonathan Feinberg:36:24,Jonathan Feinberg:38:41,Jonathan Feinberg:0:1,Jonathan Feinberg:16:16,Jonathan Feinberg:16:30,Jonathan Feinberg:2:0,Jonathan Feinberg:22:18,Jonathan Feinberg:12:0,Jonathan Feinberg:10:3,Jonathan Feinberg:2:2,Jonathan Feinberg:40:2,Jonathan Feinberg:44:2,Jonathan Feinberg:4:4,Jonathan Feinberg:1:5,Jonathan Feinberg:39:37,Jonathan Feinberg:2:62,Jonathan Feinberg:165:67,Jonathan Feinberg:0:12,Jonathan Feinberg:28:7,Jonathan Feinberg:12:0,Jonathan Feinberg:2:0,Jonathan Feinberg:2:0,James Gilles:10:0,James Gilles:1:1,Jonathan Feinberg:2:3,Jonathan Feinberg:54:4,Jonathan Feinberg:36:1,Jonathan Feinberg:5:1,James:1:0,James:0:1,James Gilles:32:0,Jonathan Feinberg:20:12,Jonathan Feinberg:7:2,Jonathan Feinberg:24:18,Jonathan Feinberg:6:4,Jonathan Feinberg:3:4,Jonathan Feinberg:2:1,Jonathan Feinberg:15:4,Jonathan Feinberg:8:0,Jonathan Feinberg:2:24,Jonathan Feinberg:6:3,Jonathan Feinberg:11:0,Jonathan Feinberg:4:0,Ben Fry:8:3,Ben Fry:4:0,Luca Damasco:91:55,Luca Damasco:11:12,Luxapodular:5:12,Luxapodular:13:13,Luxapodular:7:2,Luxapodular:0:1,Luxapodular:0:80,Luxapodular:4:1,Luxapodular:0:12,Jonathan Feinberg:44:53,Jonathan Feinberg:0:7,Jonathan Feinberg:0:8,Jonathan Feinberg:2:4,Jonathan Feinberg:1:7,Jonathan Feinberg:57:9,Jonathan Feinberg:3:1,Jonathan Feinberg:163:77,Jonathan Feinberg:43:31,Jonathan Feinberg:87:160,Jonathan Feinberg:2:1,Jonathan Feinberg:21:4,Jonathan Feinberg:8:1,Jonathan Feinberg:27:0,Jonathan Feinberg:13:0,Jonathan Feinberg:25:24,Jonathan Feinberg:3:0,Jonathan Feinberg:138:74,Jonathan Feinberg:166:1,Jonathan Feinberg:1:1,Jonathan Feinberg:60:3,Jonathan Feinberg:31:1,Jonathan Feinberg:47:0	1817	James Gilles:Luca Damasco:1.15452268567,Luca Damasco:Luxapodular:Ralf Biedert:0.00761777982326,Luca Damasco:Ralf Biedert:0.55393464718,James:Jonathan Feinberg:Luxapodular:0.00260430838439,Ben Fry:James Gilles:Jonathan Feinberg:Luxapodular:Ralf Biedert:3.80165124268e-07,Jonathan Feinberg:1631.76149363,Ben Fry:Jonathan Feinberg:Luca Damasco:Luxapodular:0.00228101870293,James Gilles:Jonathan Feinberg:8.69826608625,Jonathan Feinberg:Luca Damasco:Luxapodular:Ralf Biedert:0.0112663599273,Jonathan Feinberg:Luca Damasco:Ralf Biedert:0.819244879232,Jonathan Feinberg:Luxapodular:Ralf Biedert:0.248557433876,James Gilles:Jonathan Feinberg:Luxapodular:Ralf Biedert:0.000189096948849,Ben Fry:James Gilles:Luca Damasco:0.0023210806041,Ben Fry:Luca Damasco:Luxapodular:Ralf Biedert:1.53149706052e-05,Ben Fry:James Gilles:Luxapodular:0.000704211711785,James Gilles:Jonathan Feinberg:Luca Damasco:Luxapodular:0.00542199908543,Ben Fry:James Gilles:Jonathan Feinberg:Luca Damasco:Luxapodular:1.09005193825e-05,Ben Fry:Jonathan Feinberg:Luca Damasco:0.165866606772,Jonathan Feinberg:Ralf Biedert:18.0741078939,Ben Fry:Ralf Biedert:0.0245691095348,Ben Fry:James:Luca Damasco:Luxapodular:7.58980247156e-07,Ben Fry:James Gilles:0.0512074745081,Ben Fry:James Gilles:Luca Damasco:Ralf Biedert:8.47235307743e-07,James Gilles:Jonathan Feinberg:Luxapodular:0.119619663125,James:Luca Damasco:0.0274519270237,Ben Fry:James Gilles:Luca Damasco:Luxapodular:Ralf Biedert:1.16512878653e-08,Ben Fry:James Gilles:Luxapodular:Ralf Biedert:2.57049679919e-07,Luca Damasco:28.4534848355,Ben Fry:James:Jonathan Feinberg:Luca Damasco:Luxapodular:2.37321467727e-07,James:Luxapodular:0.00832886565292,Ben Fry:James Gilles:Jonathan Feinberg:Luca Damasco:Luxapodular:Ralf Biedert:1.72317401858e-08,Ben Fry:James:Luxapodular:1.6744554924e-05,Ben Fry:Jonathan Feinberg:Ralf Biedert:0.0363366279327,Ben Fry:James:0.00121759742854,James Gilles:Jonathan Feinberg:Luca Damasco:Ralf Biedert:0.000623263221732,Ben Fry:James Gilles:Jonathan Feinberg:0.017487206577,Ben Fry:James Gilles:Jonathan Feinberg:Luca Damasco:Ralf Biedert:1.25302360289e-06,Jonathan Feinberg:Luca Damasco:Luxapodular:0.74369661026,Ben Fry:James Gilles:Luca Damasco:Luxapodular:3.19197961061e-05,Ben Fry:James:Luca Damasco:5.51900245451e-05,Luca Damasco:Luxapodular:0.391295947608,James:0.605641980197,James Gilles:Luca Damasco:Luxapodular:Ralf Biedert:5.79543689005e-06,Ben Fry:James Gilles:Jonathan Feinberg:Ralf Biedert:2.76440956377e-05,Ben Fry:Jonathan Feinberg:3.65933437338,Ben Fry:Luxapodular:0.0817181451827,James:Jonathan Feinberg:Luca Damasco:Luxapodular:0.000118045455984,Luxapodular:7.0080106996,Jonathan Feinberg:Luxapodular:15.9697041158,James Gilles:Luca Damasco:Luxapodular:0.0158771430261,Ben Fry:5.94221846394,James Gilles:Luxapodular:Ralf Biedert:0.000127858414863,Ben Fry:James Gilles:Jonathan Feinberg:Luca Damasco:0.000792642410033,Ben Fry:Jonathan Feinberg:Luxapodular:0.050323632396,Ben Fry:Jonathan Feinberg:Luca Damasco:Luxapodular:Ralf Biedert:2.26501651553e-05,James Gilles:Ralf Biedert:0.009297355341,Ben Fry:Luxapodular:Ralf Biedert:0.000337877523715,Ben Fry:Luca Damasco:Ralf Biedert:0.0011136437434,James Gilles:Luxapodular:0.350280121825,James Gilles:25.4709771349,James Gilles:Jonathan Feinberg:Ralf Biedert:0.0137503779413,Ben Fry:Jonathan Feinberg:Luxapodular:Ralf Biedert:0.000499705935565,James:Jonathan Feinberg:0.189374946444,James Gilles:Luca Damasco:Ralf Biedert:0.000421421117889,Ben Fry:James:Jonathan Feinberg:0.000380724017424,Luxapodular:Ralf Biedert:0.168062783092,Ben Fry:Luca Damasco:Luxapodular:0.0037040374205,Ben Fry:Jonathan Feinberg:Luca Damasco:Ralf Biedert:0.00164702991357,Ralf Biedert:12.220857076,Ben Fry:Luca Damasco:0.269342867511,Ben Fry:James Gilles:Ralf Biedert:1.86916302462e-05,Ben Fry:James:Jonathan Feinberg:Luxapodular:5.23576518083e-06,Jonathan Feinberg:Luca Damasco:54.0786592644,Ben Fry:James Gilles:Jonathan Feinberg:Luxapodular:0.00024048629221,James:Luca Damasco:Luxapodular:0.000377522397011,James:Jonathan Feinberg:Luca Damasco:0.00858379600474,Ben Fry:James:Jonathan Feinberg:Luca Damasco:1.72570731294e-05,James Gilles:Jonathan Feinberg:Luca Damasco:Luxapodular:Ralf Biedert:8.57119521094e-06,James Gilles:Jonathan Feinberg:Luca Damasco:0.394266206176	
processing.py:runtime/src/jycessing/Printer.java	7	Jonathan Feinberg:5:0,Jonathan Feinberg:2:0	7	Jonathan Feinberg:7	
processing.py:runtime/src/jycessing/PythonSketchError.java	42	Jonathan Feinberg:27:0,Jonathan Feinberg:14:0,Jonathan Feinberg:4:4,Jonathan Feinberg:12:11,Jonathan Feinberg:2:2	43	Jonathan Feinberg:43.7	
processing.py:runtime/src/jycessing/ReflectionUtil.java	49	Jonathan Feinberg:42:0,Jonathan Feinberg:7:0,Jonathan Feinberg:4:4	49	Jonathan Feinberg:49.4	
processing.py:runtime/src/jycessing/RunnableSketch.java	37	James:17:0,James:6:2,James Gilles:34:1,Jonathan Feinberg:9:26	38	James Gilles:19.3454636102,James:Jonathan Feinberg:2.0801288117,James:11.8644384075,Jonathan Feinberg:0.9,James Gilles:Jonathan Feinberg:3.39173712646,James:James Gilles:0.526009584567,James:James Gilles:Jonathan Feinberg:0.0922224596319	
processing.py:runtime/src/jycessing/Runner.java	421	Jonathan Feinberg:96:0,Jonathan Feinberg:28:0,Jonathan Feinberg:3:74,Jonathan Feinberg:1:1,Jonathan Feinberg:20:5,Jonathan Feinberg:2:14,Jonathan Feinberg:2:8,Jonathan Feinberg:3:5,Jonathan Feinberg:8:0,Jonathan Feinberg:22:2,Jonathan Feinberg:1:11,Jonathan Feinberg:69:1,Jonathan Feinberg:1:0,Jonathan Feinberg:6:3,Jonathan Feinberg:62:14,Jonathan Feinberg:6:5,Jonathan Feinberg:6:1,Jonathan Feinberg:9:1,Jonathan Feinberg:3:1,Jonathan Feinberg:5:0,Jonathan Feinberg:12:5,Jonathan Feinberg:12:5,Jonathan Feinberg:0:1,Jonathan Feinberg:54:13,Jonathan Feinberg:20:0,Jonathan Feinberg:15:27,Jonathan Feinberg:14:0,Jonathan Feinberg:5:7,Jonathan Feinberg:24:29,Jonathan Feinberg:33:3,Jonathan Feinberg:1:1,Jonathan Feinberg:59:54,Jonathan Feinberg:12:23,Jonathan Feinberg:23:1,Jonathan Feinberg:6:7,Ralf Biedert:56:2,Ralf Biedert:6:8,Ralf Biedert:6:0,Ralf Biedert:7:0,Ralf Biedert:42:14,Jonathan Feinberg:2:8,Jonathan Feinberg:7:2,Jonathan Feinberg:16:2,Jonathan Feinberg:15:19,Jonathan Feinberg:3:4,Jonathan Feinberg:7:2,Jonathan Feinberg:5:12,Jonathan Feinberg:1:1,Jonathan Feinberg:59:26,Jonathan Feinberg:15:76,Jonathan Feinberg:64:18,Jonathan Feinberg:1:0,Jonathan Feinberg:14:27,Jonathan Feinberg:19:20,Jonathan Feinberg:4:1,Jonathan Feinberg:8:7,Jonathan Feinberg:54:42,Jonathan Feinberg:22:30,Jonathan Feinberg:3:0,Jonathan Feinberg:6:0,Jonathan Feinberg:4:33,Jonathan Feinberg:0:4,Jonathan Feinberg:1:1,Jonathan Feinberg:5:4,Jonathan Feinberg:14:0,Jonathan Feinberg:9:7,Jonathan Feinberg:1:1,Jonathan Feinberg:6:14,Jonathan Feinberg:1:1,Jonathan Feinberg:12:12,Jonathan Feinberg:0:1,Jonathan Feinberg:3:4,Jonathan Feinberg:1:5,Jonathan Feinberg:1:0,Jonathan Feinberg:14:0,Jonathan Feinberg:25:7,Jonathan Feinberg:22:15,Jonathan Feinberg:8:0,Jonathan Feinberg:15:10,Jonathan Feinberg:3:0,James Gilles:2:2,James Gilles:8:0,James Gilles:64:18,James Gilles:6:5,Jonathan Feinberg:3:2,Jonathan Feinberg:2:10,James Gilles:6:94,James Gilles:4:0,James Gilles:14:1,Jonathan Feinberg:1:1,James:93:120,James:9:50,James:5:6,James:8:0,James Gilles:4:8,Jonathan Feinberg:5:0,Jonathan Feinberg:5:0,James Gilles:14:9,James Gilles:11:2,James Gilles:7:2,Jonathan Feinberg:3:2,Ben Fry:2:1,Jonathan Feinberg:13:5,Jonathan Feinberg:20:12,Jonathan Feinberg:37:28,Jonathan Feinberg:12:22,Jonathan Feinberg:5:1,Jonathan Feinberg:48:49,Jonathan Feinberg:6:7,Jonathan Feinberg:3:0	506	Ben Fry:James:Jonathan Feinberg:Ralf Biedert:0.0113430109475,James:James Gilles:Jonathan Feinberg:Ralf Biedert:0.549836287886,James:Jonathan Feinberg:Ralf Biedert:5.96516342386,James Gilles:Ralf Biedert:1.56148210996,James:James Gilles:8.84773676928,Ben Fry:James:James Gilles:Jonathan Feinberg:Ralf Biedert:0.00104553699366,Jonathan Feinberg:Ralf Biedert:25.2674213938,James:Ralf Biedert:3.9993313105,Ben Fry:James Gilles:0.0985129572662,Ben Fry:James:James Gilles:0.0168243462758,Ben Fry:James:Ralf Biedert:0.00760489790715,James:13.4912773977,Ben Fry:Jonathan Feinberg:Ralf Biedert:0.0480470721623,Ben Fry:James:0.0256542354911,Ben Fry:James Gilles:Jonathan Feinberg:0.0635403872388,Jonathan Feinberg:276.940084029,Ben Fry:James Gilles:Jonathan Feinberg:Ralf Biedert:0.00442871752614,Ben Fry:Jonathan Feinberg:0.648503869402,Ben Fry:James:James Gilles:Jonathan Feinberg:0.0133626168379,Ben Fry:0.87126887078,James:James Gilles:Jonathan Feinberg:7.02725172153,Ben Fry:Ralf Biedert:0.032213058792,James Gilles:Jonathan Feinberg:33.4151836446,James Gilles:51.8068696379,James Gilles:Jonathan Feinberg:Ralf Biedert:2.32901333903,James:Jonathan Feinberg:56.0376449165,Ben Fry:James:Jonathan Feinberg:0.106557955683,Ralf Biedert:16.9404896959,Ben Fry:James Gilles:Ralf Biedert:0.00296922437981,Ben Fry:James:James Gilles:Ralf Biedert:0.000700978085243,James:James Gilles:Ralf Biedert:0.368636586384	
processing.py:runtime/src/jycessing/SketchPositionListener.java	7	Jonathan Feinberg:7:0	7	Jonathan Feinberg:7	
processing.py:runtime/src/jycessing/StreamPrinter.java	23	Jonathan Feinberg:17:0,Jonathan Feinberg:1:0,Jonathan Feinberg:5:0	23	Jonathan Feinberg:23	
processing.py:runtime/src/jycessing/TreeCopier.java	114	Jonathan Feinberg:116:0,Jonathan Feinberg:1:3	114	Jonathan Feinberg:114.1	
processing.py:runtime/src/jycessing/UnexpectedInvocationError.java	26	Jonathan Feinberg:28:0,Jonathan Feinberg:2:4	26	Jonathan Feinberg:26.2	
processing.py:runtime/src/jycessing/annotations/PythonUsage.java	24	Ralf Biedert:26:0,Ralf Biedert:1:1,Jonathan Feinberg:2:2,Jonathan Feinberg:3:5	24	Jonathan Feinberg:Ralf Biedert:3.96808541399,Jonathan Feinberg:0.484790874525,Ralf Biedert:20.1471237115	
processing.py:runtime/src/jycessing/core.py	694	Jonathan Feinberg:30:0,Jonathan Feinberg:15:1,Jonathan Feinberg:44:5,Jonathan Feinberg:1:6,Jonathan Feinberg:3:6,Jonathan Feinberg:1:0,Ralf Biedert:7:0,Ralf Biedert:2:0,Jonathan Feinberg:4:18,Jonathan Feinberg:283:7,Jonathan Feinberg:27:4,Jonathan Feinberg:0:7,Jonathan Feinberg:1:2,Jonathan Feinberg:19:0,Jonathan Feinberg:15:19,Jonathan Feinberg:65:15,Jonathan Feinberg:2:2,James Gilles:41:3,James Gilles:7:7,Jonathan Feinberg:1:0,Jonathan Feinberg:1:0,Jonathan Feinberg:16:0,Jonathan Feinberg:7:2,Jonathan Feinberg:17:3,Jonathan Feinberg:20:0,Jonathan Feinberg:1:0,Jonathan Feinberg:2:1,Jonathan Feinberg:3:1,Jonathan Feinberg:31:13,Jonathan Feinberg:0:4,Jonathan Feinberg:6:4,Jonathan Feinberg:4:21,Jonathan Feinberg:91:4,Jonathan Feinberg:8:0,Jonathan Feinberg:3:0,Jonathan Feinberg:28:28,Jonathan Feinberg:2:0,Jonathan Feinberg:1:1,Jonathan Feinberg:8:4,Jonathan Feinberg:9:2,Jonathan Feinberg:2:0,Jonathan Feinberg:7:1,Jonathan Feinberg:88:72,Jonathan Feinberg:1:4,Jonathan Feinberg:2:0,Jonathan Feinberg:0:9,Jonathan Feinberg:1:2,Jonathan Feinberg:1:1,James:16:0,James Gilles:1:3,James Gilles:5:2,Jonathan Feinberg:6:2,Jonathan Feinberg:6:2,Adam Parrish:10:4,Jonathan Feinberg:7:2,Jonathan Feinberg:7:2,Jonathan Feinberg:23:0,Luca Damasco:27:2,Luxapodular:15:22,Jonathan Feinberg:0:60,Jonathan Feinberg:1:1,Jonathan Feinberg:2:0,Jonathan Feinberg:1:0,Jonathan Feinberg:1:1,Allison Parrish:12:0,Jonathan Feinberg:2:2,Jonathan Feinberg:4:0,Jonathan Feinberg:5:2,Jonathan Feinberg:1:0	718	Luca Damasco:Luxapodular:Ralf Biedert:0.000167627438889,Adam Parrish:James:Luxapodular:0.00130371511685,Luca Damasco:Ralf Biedert:0.00927911000607,Adam Parrish:James:James Gilles:Luxapodular:5.15580071087e-06,Adam Parrish:James Gilles:Jonathan Feinberg:Luca Damasco:Ralf Biedert:6.65812844483e-07,James Gilles:Ralf Biedert:0.0905991071246,Adam Parrish:James:James Gilles:Luca Damasco:Luxapodular:1.26470990455e-08,Adam Parrish:James:James Gilles:Jonathan Feinberg:Luca Damasco:Luxapodular:2.29523256621e-10,James Gilles:Jonathan Feinberg:Luxapodular:Ralf Biedert:0.000942812326229,Adam Parrish:Luca Damasco:Luxapodular:Ralf Biedert:8.71798295292e-07,James Gilles:Jonathan Feinberg:Luca Damasco:Luxapodular:0.000705774077242,Jonathan Feinberg:Luxapodular:10.5517020985,Adam Parrish:Jonathan Feinberg:Luxapodular:0.0533280463177,Adam Parrish:James:James Gilles:Jonathan Feinberg:Luxapodular:9.35689809491e-08,Adam Parrish:James Gilles:Jonathan Feinberg:Luxapodular:0.00149637971072,Adam Parrish:James:Jonathan Feinberg:Luca Damasco:Luxapodular:5.80381120423e-08,James:13.8762785511,Adam Parrish:James:James Gilles:Luca Damasco:7.00087193828e-07,James:James Gilles:Jonathan Feinberg:Luca Damasco:2.44296365184e-06,Adam Parrish:Luca Damasco:Luxapodular:0.000250248724753,James:James Gilles:Luca Damasco:Luxapodular:2.4317560998e-06,Adam Parrish:James Gilles:Ralf Biedert:0.000471188653061,Adam Parrish:James Gilles:0.149525240551,Adam Parrish:James:0.0721678745794,James:Jonathan Feinberg:Luxapodular:0.00454933138458,Adam Parrish:Luxapodular:Ralf Biedert:0.000355403105047,Adam Parrish:Luca Damasco:Ralf Biedert:4.82588789683e-05,Adam Parrish:James Gilles:Luca Damasco:0.000366783092113,James:James Gilles:0.0548765032277,Adam Parrish:James:Luca Damasco:Luxapodular:3.19799292768e-06,Adam Parrish:Jonathan Feinberg:Ralf Biedert:0.0113330023674,James:James Gilles:Jonathan Feinberg:0.000995914848734,Adam Parrish:James:James Gilles:0.000285402212684,Luxapodular:Ralf Biedert:0.0683361192539,Adam Parrish:Jonathan Feinberg:Luca Damasco:Luxapodular:0.000130812869136,Luca Damasco:Luxapodular:0.404746243181,James Gilles:Luca Damasco:Luxapodular:Ralf Biedert:4.01474070737e-06,James:James Gilles:Luca Damasco:0.00013461120988,Luxapodular:1.3703283758,Adam Parrish:Jonathan Feinberg:Luxapodular:Ralf Biedert:0.000204731074482,Allison Parrish:Jonathan Feinberg:0.0605470305056,James Gilles:28.7503809749,Adam Parrish:Jonathan Feinberg:2.95200363061,Adam Parrish:James Gilles:Luca Damasco:Luxapodular:6.6259490747e-06,Adam Parrish:James:James Gilles:Jonathan Feinberg:5.17956292321e-06,Adam Parrish:Luca Damasco:0.0138526571858,James:Jonathan Feinberg:Luca Damasco:0.000617736957154,James Gilles:Jonathan Feinberg:Luca Damasco:0.0390685161425,James Gilles:Luca Damasco:0.070524237878,Jonathan Feinberg:595.113341468,James Gilles:Jonathan Feinberg:15.9269317474,Jonathan Feinberg:Luca Damasco:Luxapodular:Ralf Biedert:9.65623124533e-05,Jonathan Feinberg:Luca Damasco:Ralf Biedert:0.00534526045158,James Gilles:Jonathan Feinberg:Luca Damasco:Luxapodular:Ralf Biedert:2.31270398912e-06,Adam Parrish:James:Jonathan Feinberg:0.00130972371904,Adam Parrish:5.64726657939,Jonathan Feinberg:Ralf Biedert:2.17908451076,James:Jonathan Feinberg:0.2518307662,James:Luxapodular:0.250675445523,James:Jonathan Feinberg:Luca Damasco:Luxapodular:1.11594392099e-05,James Gilles:Jonathan Feinberg:Luca Damasco:Ralf Biedert:0.000128021014153,Adam Parrish:James Gilles:Jonathan Feinberg:Luca Damasco:Luxapodular:3.67059618329e-06,Adam Parrish:James:Luca Damasco:0.000177026675174,James:James Gilles:Luxapodular:0.00099134590335,James:Luca Damasco:Luxapodular:0.000614902973483,James Gilles:Luxapodular:Ralf Biedert:0.00163667596171,Adam Parrish:James:Jonathan Feinberg:Luxapodular:2.36602036759e-05,Allison Parrish:11.9394529695,James Gilles:Luxapodular:0.519376613357,James Gilles:Jonathan Feinberg:Ralf Biedert:0.0521899001031,James Gilles:Luca Damasco:Ralf Biedert:0.000222238202268,Jonathan Feinberg:Luxapodular:Ralf Biedert:0.0393652360435,Adam Parrish:Jonathan Feinberg:Luca Damasco:Ralf Biedert:2.77996787427e-05,Adam Parrish:Jonathan Feinberg:Luca Damasco:0.00724121904483,Jonathan Feinberg:Luca Damasco:Luxapodular:0.0289627365618,Adam Parrish:James Gilles:Jonathan Feinberg:Luxapodular:Ralf Biedert:4.90338684546e-06,Adam Parrish:Jonathan Feinberg:Luca Damasco:Luxapodular:Ralf Biedert:5.02202145091e-07,James:James Gilles:Jonathan Feinberg:Luxapodular:1.79912357258e-05,James Gilles:Luca Damasco:Luxapodular:0.00127402276375,Adam Parrish:James Gilles:Jonathan Feinberg:Luca Damasco:0.000203187890946,Adam Parrish:James:James Gilles:Jonathan Feinberg:Luca Damasco:1.27053873832e-08,Adam Parrish:Luxapodular:0.102018063458,James:James Gilles:Jonathan Feinberg:Luca Damasco:Luxapodular:4.41322217314e-08,James:Luca Damasco:0.0340382957099,Luca Damasco:22.4049531503,Adam Parrish:James Gilles:Jonathan Feinberg:0.082832930209,Adam Parrish:James Gilles:Luca Damasco:Luxapodular:Ralf Biedert:2.08798996627e-08,Adam Parrish:James Gilles:Jonathan Feinberg:Luca Damasco:Luxapodular:Ralf Biedert:1.2027931755e-08,Adam Parrish:James Gilles:Luxapodular:0.00270117857279,Adam Parrish:James Gilles:Luxapodular:Ralf Biedert:8.51203909584e-06,Adam Parrish:James Gilles:Jonathan Feinberg:Ralf Biedert:0.000271429702934,Adam Parrish:Ralf Biedert:0.0196735363261,Ralf Biedert:3.78278384581,James Gilles:Jonathan Feinberg:Luxapodular:0.287720565489,Jonathan Feinberg:Luca Damasco:1.60324837279,Adam Parrish:James:Jonathan Feinberg:Luca Damasco:3.2127319355e-06,Adam Parrish:James Gilles:Luca Damasco:Ralf Biedert:1.15581844577e-06	
processing.py:runtime/src/jycessing/detect_sketch_mode.py	91	Jonathan Feinberg:82:0,Jonathan Feinberg:5:5,Jonathan Feinberg:10:5,Jonathan Feinberg:1:1,Jonathan Feinberg:2:0,Jonathan Feinberg:2:0	92	Jonathan Feinberg:92.1	
processing.py:runtime/src/jycessing/get_settings.py	49	Jonathan Feinberg:39:0,Jonathan Feinberg:1:1,Jonathan Feinberg:12:2	49	Jonathan Feinberg:49.3	
processing.py:runtime/src/jycessing/jni/OSX.java	27	Jonathan Feinberg:19:0,Jonathan Feinberg:10:2	27	Jonathan Feinberg:27.2	
processing.py:runtime/src/jycessing/jni/jycessing_jni_OSX.h	21	Jonathan Feinberg:21:0	21	Jonathan Feinberg:21	
processing.py:runtime/src/jycessing/launcher/LaunchHelper.java	29	Ralf Biedert:10:0,Ralf Biedert:25:0,Jonathan Feinberg:2:2,Jonathan Feinberg:7:13,James Gilles:3:3,James:3:2,James Gilles:0:1	30	James Gilles:0.273134517231,James Gilles:Jonathan Feinberg:Ralf Biedert:0.528012024886,Jonathan Feinberg:Ralf Biedert:5.3192322507,James:Ralf Biedert:1.18697251937,James:Jonathan Feinberg:0.0454547750232,James:1.16178343949,James:James Gilles:Jonathan Feinberg:Ralf Biedert:0.033465550873,Jonathan Feinberg:0.717175339255,James:Jonathan Feinberg:Ralf Biedert:0.337134438425,Ralf Biedert:18.727788639,James Gilles:Ralf Biedert:1.85900843108,James:James Gilles:0.0173113426414,James:James Gilles:Jonathan Feinberg:0.00451205487362,James Gilles:Jonathan Feinberg:0.0711901991172,James:James Gilles:Ralf Biedert:0.117824478026	
processing.py:runtime/src/jycessing/launcher/StandaloneSketch.java	184	James:57:0,James:131:15,James:7:2,James Gilles:17:2,Jonathan Feinberg:6:6,Jonathan Feinberg:2:3,Jonathan Feinberg:5:13	187	James Gilles:13.6464470229,James:Jonathan Feinberg:10.0004104188,James:159.717297722,Jonathan Feinberg:1.26418596647,James Gilles:Jonathan Feinberg:0.854447658041,James:James Gilles:1.61602662113,James:James Gilles:Jonathan Feinberg:0.101184591084	
processing.py:runtime/src/jycessing/launcher/launcher.py	159	Ralf Biedert:76:0,Ralf Biedert:80:28,Ralf Biedert:12:0,Ralf Biedert:14:15,Ralf Biedert:13:5,Ralf Biedert:5:4,Jonathan Feinberg:1:1,James Gilles:1:1,James:20:10,James:2:1	165	James Gilles:0.0936135392634,James Gilles:Jonathan Feinberg:Ralf Biedert:0.00494954091406,Jonathan Feinberg:Ralf Biedert:0.837572312457,James:Ralf Biedert:9.66309027818,James:Jonathan Feinberg:0.00634894236412,James:12.1,James:James Gilles:Jonathan Feinberg:Ralf Biedert:0.000337665352261,Jonathan Feinberg:0.093063590273,James:Jonathan Feinberg:Ralf Biedert:0.057140481277,Ralf Biedert:141.642784395,James Gilles:Ralf Biedert:0.837022363466,James:James Gilles:0.00638646073659,James:James Gilles:Jonathan Feinberg:3.75183724734e-05,James Gilles:Jonathan Feinberg:0.000549948990451,James:James Gilles:Ralf Biedert:0.0571029629046	
processing.py:runtime/src/jycessing/mode/FormatServer.java	137	Jonathan Feinberg:48:0,Jonathan Feinberg:19:3,Jonathan Feinberg:81:6,Jonathan Feinberg:1:1,Jonathan Feinberg:1:1,Jonathan Feinberg:10:4,Jonathan Feinberg:16:9,Jonathan Feinberg:4:4,Jonathan Feinberg:4:15,Luxapodular:2:1,Jonathan Feinberg:1:2,Jonathan Feinberg:20:24	142	Luxapodular:0.924005967782,Jonathan Feinberg:Luxapodular:1.0072090368,Jonathan Feinberg:140.468784995	
processing.py:runtime/src/jycessing/mode/PyEditor.java	454	Jonathan Feinberg:199:0,Jonathan Feinberg:59:20,Jonathan Feinberg:36:11,Jonathan Feinberg:14:4,Jonathan Feinberg:35:7,Jonathan Feinberg:1:35,Jonathan Feinberg:23:93,Jonathan Feinberg:1:1,Jonathan Feinberg:6:2,Jonathan Feinberg:1:1,Jonathan Feinberg:1:1,Jonathan Feinberg:39:19,Jonathan Feinberg:15:18,Jonathan Feinberg:1:1,Jonathan Feinberg:12:0,Jonathan Feinberg:1:0,Jonathan Feinberg:18:0,Jonathan Feinberg:29:0,Jonathan Feinberg:3:1,Jonathan Feinberg:42:7,Jonathan Feinberg:14:14,Jonathan Feinberg:87:8,Jonathan Feinberg:3:4,Jonathan Feinberg:5:3,Jonathan Feinberg:3:3,Jonathan Feinberg:3:5,Jonathan Feinberg:12:4,James Gilles:47:1,James Gilles:166:4,James Gilles:11:2,James Gilles:7:195,James Gilles:1:1,Jonathan Feinberg:3:14,James Gilles:2:2,James Gilles:3:2,James Gilles:4:0,James:18:24,James:0:3,James:5:4,James Gilles:0:4,James Gilles:0:1,James Gilles:2:2,Jonathan Feinberg:8:10,Ben Fry:12:12,Ben Fry:4:4,Luxapodular:4:4,Luxapodular:1:0,Luxapodular:7:4,Jonathan Feinberg:4:4,Jonathan Feinberg:10:2,Prabhjot Singh:1:1,Prabhjot Singh:18:0,Jonathan Feinberg:3:13,Jonathan Feinberg:7:0,Jonathan Feinberg:55:37,Jonathan Feinberg:1:7,Jonathan Feinberg:6:0	481	James:Jonathan Feinberg:Luxapodular:0.188692440141,James Gilles:Jonathan Feinberg:Luxapodular:Prabhjot Singh:0.000803623026242,James Gilles:Luxapodular:Prabhjot Singh:0.00400098583255,Ben Fry:Jonathan Feinberg:Luxapodular:0.137870387086,Jonathan Feinberg:276.217566139,James Gilles:Jonathan Feinberg:Prabhjot Singh:0.0476042165204,James:James Gilles:Jonathan Feinberg:Luxapodular:0.0185392993349,James Gilles:Jonathan Feinberg:23.4688787445,Luxapodular:Prabhjot Singh:0.00853487020018,James:James Gilles:5.46892735058,James:Jonathan Feinberg:Prabhjot Singh:0.0226725637237,James Gilles:Prabhjot Singh:0.237006394352,Ben Fry:James:Prabhjot Singh:0.000178749733848,Ben Fry:Luxapodular:Prabhjot Singh:4.72293901366e-05,Ben Fry:James:James Gilles:Prabhjot Singh:0.000381962379559,James:James Gilles:Luxapodular:Prabhjot Singh:0.00018726740189,Ben Fry:James Gilles:Luxapodular:0.0679171241595,Ben Fry:James:James Gilles:Luxapodular:0.00317888238487,Jonathan Feinberg:Luxapodular:4.35718294069,Ben Fry:James Gilles:4.02320662594,James Gilles:Jonathan Feinberg:Luxapodular:0.396186151937,James:Jonathan Feinberg:Luxapodular:Prabhjot Singh:0.00038274328629,Ben Fry:James:Jonathan Feinberg:Prabhjot Singh:0.000780667296689,Ben Fry:James:James Gilles:0.188307453123,James:Luxapodular:0.0432049909064,Ben Fry:James:James Gilles:Jonathan Feinberg:Luxapodular:0.000638349719541,James:James Gilles:Jonathan Feinberg:1.09821245889,Ben Fry:James:0.0881236187873,Ben Fry:James:James Gilles:Jonathan Feinberg:Luxapodular:Prabhjot Singh:1.29482701732e-06,Ben Fry:James Gilles:Jonathan Feinberg:0.808086211561,James:James Gilles:Luxapodular:0.0923228291319,James:James Gilles:Jonathan Feinberg:Prabhjot Singh:0.00222761147849,James:2.55933400949,Ben Fry:Jonathan Feinberg:Prabhjot Singh:0.0165659797207,Ben Fry:James:James Gilles:Luxapodular:Prabhjot Singh:6.44803729183e-06,Ben Fry:Luxapodular:0.0232840893373,Jonathan Feinberg:Luxapodular:Prabhjot Singh:0.00883809927119,Luxapodular:4.20769100869,Ben Fry:James:Luxapodular:0.00148764488505,Ben Fry:James:Jonathan Feinberg:Luxapodular:0.00649710455976,Jonathan Feinberg:Prabhjot Singh:1.88060578084,Ben Fry:1.37927958023,Ben Fry:James:Jonathan Feinberg:Luxapodular:Prabhjot Singh:1.31787110746e-05,Ben Fry:Prabhjot Singh:0.00279772734326,James:James Gilles:Prabhjot Singh:0.0110931589261,Ben Fry:James:Luxapodular:Prabhjot Singh:3.01753526379e-06,James:James Gilles:Jonathan Feinberg:Luxapodular:Prabhjot Singh:3.76050696448e-05,James Gilles:Luxapodular:1.97248601544,James Gilles:116.844152415,Ben Fry:Jonathan Feinberg:8.1670280023,Ben Fry:James Gilles:Luxapodular:Prabhjot Singh:0.00013776292933,James:Jonathan Feinberg:11.1775739158,James:Luxapodular:Prabhjot Singh:8.76368983903e-05,Ben Fry:James:Jonathan Feinberg:0.384868977267,James:Prabhjot Singh:0.00519134687524,Ben Fry:James Gilles:Prabhjot Singh:0.00816066252725,Ben Fry:James:James Gilles:Jonathan Feinberg:0.0378139217922,Prabhjot Singh:16.0974480058,Ben Fry:James Gilles:Jonathan Feinberg:Prabhjot Singh:0.00163912010459,Ben Fry:James Gilles:Jonathan Feinberg:Luxapodular:Prabhjot Singh:2.76705459118e-05,Ben Fry:Jonathan Feinberg:Luxapodular:Prabhjot Singh:0.000279655957579,Ben Fry:James Gilles:Jonathan Feinberg:Luxapodular:0.0136415791345,Ben Fry:James:James Gilles:Jonathan Feinberg:Prabhjot Singh:7.67016669213e-05	
processing.py:runtime/src/jycessing/mode/PyInputHandler.java	406	Jonathan Feinberg:120:0,Jonathan Feinberg:5:5,Jonathan Feinberg:116:16,Jonathan Feinberg:10:3,Jonathan Feinberg:55:16,Jonathan Feinberg:3:3,Jonathan Feinberg:13:13,Jonathan Feinberg:3:8,Jonathan Feinberg:5:2,Jonathan Feinberg:4:3,Jonathan Feinberg:12:0,Jonathan Feinberg:76:22,Jonathan Feinberg:69:29,Jonathan Feinberg:0:3,Jonathan Feinberg:10:1,Ben Fry:9:8,Luca Damasco:33:2,Luxapodular:1:1,Jonathan Feinberg:1:1,Jonathan Feinberg:1:10,Jonathan Feinberg:2:2,Jonathan Feinberg:16:2,Jonathan Feinberg:19:30,Jonathan Feinberg:26:23	423	Luxapodular:0.0858762532221,Ben Fry:Jonathan Feinberg:6.98806196729,Jonathan Feinberg:Luxapodular:0.782190767912,Luca Damasco:Luxapodular:0.0571965178007,Ben Fry:Luca Damasco:Luxapodular:1.52142376716e-05,Ben Fry:Jonathan Feinberg:Luxapodular:0.0149495026636,Jonathan Feinberg:382.625795076,Ben Fry:Jonathan Feinberg:Luca Damasco:0.0323687893492,Ben Fry:Luxapodular:0.00328458486622,Ben Fry:Luca Damasco:0.00711181087605,Ben Fry:Jonathan Feinberg:Luca Damasco:Luxapodular:6.92462809943e-05,Luca Damasco:26.7361944875,Jonathan Feinberg:Luca Damasco:4.62163780254,Ben Fry:1.53536094802,Jonathan Feinberg:Luca Damasco:Luxapodular:0.00988703119155	
processing.py:runtime/src/jycessing/mode/PyKeywordMap.java	86	Jonathan Feinberg:89:0,Jonathan Feinberg:0:2,Jonathan Feinberg:7:7,Jonathan Feinberg:7:8	87	Jonathan Feinberg:87.4	
processing.py:runtime/src/jycessing/mode/PyToolbar.java	31	Jonathan Feinberg:89:0,Ben Fry:8:66,Luxapodular:2:2	31	Ben Fry:Jonathan Feinberg:2.36591053636,Jonathan Feinberg:Luxapodular:1.61276234895,Ben Fry:Jonathan Feinberg:Luxapodular:0.141954632181,Jonathan Feinberg:26.8793724825,Ben Fry:Luxapodular:0.0452830188679,Luxapodular:0.2,Ben Fry:0.754716981132	
processing.py:runtime/src/jycessing/mode/PythonMode.java	138	Jonathan Feinberg:41:0,Jonathan Feinberg:3:3,Jonathan Feinberg:4:1,Jonathan Feinberg:5:0,Jonathan Feinberg:12:0,Jonathan Feinberg:17:1,Jonathan Feinberg:4:0,Jonathan Feinberg:3:3,Jonathan Feinberg:3:3,Jonathan Feinberg:6:1,Jonathan Feinberg:24:7,Jonathan Feinberg:5:5,Jonathan Feinberg:6:0,Jonathan Feinberg:0:8,Jonathan Feinberg:13:0,Luxapodular:2:2,Luxapodular:10:1,Jonathan Feinberg:3:3,Jonathan Feinberg:12:13,Jonathan Feinberg:17:1	142	Luxapodular:8.19531970298,Jonathan Feinberg:Luxapodular:3.69412732797,Jonathan Feinberg:130.410552969	
processing.py:runtime/src/jycessing/mode/PythonTokenMarker.java	255	Jonathan Feinberg:218:0,Jonathan Feinberg:14:14,Jonathan Feinberg:14:11,Jonathan Feinberg:1:0,Jonathan Feinberg:2:0,Jonathan Feinberg:65:34,Jonathan Feinberg:2:2	261	Jonathan Feinberg:261.1	
processing.py:runtime/src/jycessing/mode/SyntaxUtilities.java	48	Jonathan Feinberg:51:0,Jonathan Feinberg:0:2,Jonathan Feinberg:6:6,Jonathan Feinberg:4:5	49	Jonathan Feinberg:49.0	
processing.py:runtime/src/jycessing/mode/export/Arch.java	16	James:12:0,James:7:2,Jonathan Feinberg:1:1,Jonathan Feinberg:4:5	16	James:12.1619599719,Jonathan Feinberg:0.494219653179,James:Jonathan Feinberg:4.04382037489	
processing.py:runtime/src/jycessing/mode/export/ExportDialog.java	389	James Gilles:91:0,James Gilles:1:1,James Gilles:3:0,James Gilles:1:1,James Gilles:262:7,James Gilles:0:1,James:30:24,James Gilles:34:38,James Gilles:14:14,Jonathan Feinberg:29:17,Luxapodular:1:1,Luxapodular:9:8,Jonathan Feinberg:1:2,Jonathan Feinberg:60:33	403	James Gilles:281.629405909,James:Jonathan Feinberg:Luxapodular:0.0192328320527,Jonathan Feinberg:Luxapodular:0.452119791966,James:James Gilles:Luxapodular:0.425546631963,James:Jonathan Feinberg:0.865692990068,James Gilles:Jonathan Feinberg:Luxapodular:0.862196408013,James:6.28224731001,Jonathan Feinberg:43.7663828055,James:James Gilles:Jonathan Feinberg:Luxapodular:0.0586402791959,James Gilles:Jonathan Feinberg:38.8085012355,Luxapodular:1.73975268756,James:James Gilles:19.1543676578,James:Luxapodular:0.139570735599,James:James Gilles:Jonathan Feinberg:2.63946976173,James Gilles:Luxapodular:6.2568729643	
processing.py:runtime/src/jycessing/mode/export/ExportedSketch.java	151	James:131:0,James:3:2,James:4:0,James:5:1,James Gilles:5:5,James Gilles:14:1,Jonathan Feinberg:3:4,Luca Damasco:4:4,Jonathan Feinberg:4:5	153	James Gilles:12.5764229606,James Gilles:Luca Damasco:0.30264119424,James:James Gilles:Luca Damasco:0.119455144672,James:Jonathan Feinberg:5.27626654628,James:124.77657373,James:Luca Damasco:3.00264482237,Jonathan Feinberg:0.691043162533,James Gilles:Jonathan Feinberg:0.531803028049,Luca Damasco:0.38808186849,James:James Gilles:4.96402490083,Jonathan Feinberg:Luca Damasco:0.0163176773111,James Gilles:Jonathan Feinberg:Luca Damasco:0.0127973990707,James:James Gilles:Jonathan Feinberg:0.209907338664,James:Jonathan Feinberg:Luca Damasco:0.12696898106,James:James Gilles:Jonathan Feinberg:Luca Damasco:0.00505124611757	
processing.py:runtime/src/jycessing/mode/export/Exporter.java	93	James Gilles:121:0,James Gilles:11:23,James Gilles:5:67,James Gilles:2:0,James Gilles:4:6,James Gilles:33:3,James:4:4,James:1:3,James:2:1,James:8:3,James Gilles:1:1,James Gilles:2:1,James Gilles:11:0,Jonathan Feinberg:10:8,Luxapodular:3:2,Jonathan Feinberg:1:2,Jonathan Feinberg:3:5	97	James Gilles:69.5593031063,James:Jonathan Feinberg:Luxapodular:0.0128048066958,Jonathan Feinberg:Luxapodular:0.0910324037201,James:James Gilles:Luxapodular:0.122520868716,James:Jonathan Feinberg:0.692882317871,James Gilles:Jonathan Feinberg:Luxapodular:0.155427928,James:5.73058807145,Jonathan Feinberg:3.06509132057,James:James Gilles:Jonathan Feinberg:Luxapodular:0.0148139322605,James Gilles:Jonathan Feinberg:8.41037788179,Luxapodular:1.1224243948,James:James Gilles:6.6297403405,James:Luxapodular:0.105904091669,James:James Gilles:Jonathan Feinberg:0.801598334539,James Gilles:Luxapodular:1.28549020114	
processing.py:runtime/src/jycessing/mode/export/ImportExtractor.java	137	James:131:0,James:7:6,James:20:17,James Gilles:6:6,James Gilles:1:3,Jonathan Feinberg:10:7,Luxapodular:4:2,Jonathan Feinberg:2:2,Jonathan Feinberg:2:2,Jonathan Feinberg:15:16	142	James Gilles:0.570166651508,James:Jonathan Feinberg:Luxapodular:0.261950790439,Jonathan Feinberg:Luxapodular:0.304396680307,James:James Gilles:Luxapodular:0.0664251589976,James:Jonathan Feinberg:20.068341112,James Gilles:Jonathan Feinberg:Luxapodular:0.00140226066914,James:106.510585607,Jonathan Feinberg:5.5238490672,James:James Gilles:Jonathan Feinberg:Luxapodular:0.0125155893339,James Gilles:Jonathan Feinberg:0.10742874793,Luxapodular:1.92748158911,James:James Gilles:5.08890523654,James:Luxapodular:1.39027595427,James:James Gilles:Jonathan Feinberg:0.958833205084,James Gilles:Luxapodular:0.00744234933077	
processing.py:runtime/src/jycessing/mode/export/LinuxExport.java	175	James Gilles:82:0,James Gilles:108:0,James Gilles:15:53,James Gilles:17:57,James Gilles:0:2,James Gilles:77:2,James Gilles:1:1,James Gilles:1:0,James Gilles:5:0,James Gilles:6:5,James Gilles:16:0,James:5:5,James:28:13,James:31:8,James Gilles:4:85,James Gilles:6:7,James Gilles:3:3,James Gilles:12:9,James Gilles:1:1,James Gilles:3:4,James Gilles:3:3,James Gilles:14:5,James Gilles:1:1,James Gilles:2:1,James Gilles:5:0,Jonathan Feinberg:6:4,Luca Damasco:2:2,Luxapodular:3:1,Luxapodular:2:1,Jonathan Feinberg:1:2,Jonathan Feinberg:2:2,Jonathan Feinberg:15:25	187	James Gilles:Luca Damasco:1.16870787472,James:Jonathan Feinberg:Luxapodular:0.0193617908421,Jonathan Feinberg:4.00913077056,James:James Gilles:Jonathan Feinberg:Luxapodular:0.0165135947103,James Gilles:Jonathan Feinberg:13.6570591101,James:James Gilles:16.186933176,James Gilles:Jonathan Feinberg:Luca Damasco:Luxapodular:0.00119229306552,James:James Gilles:Luca Damasco:0.151910738878,Jonathan Feinberg:Luxapodular:0.267057190998,James:Jonathan Feinberg:2.08134271668,James Gilles:Jonathan Feinberg:Luxapodular:0.127045449982,James:Luca Damasco:0.178111671288,Luca Damasco:0.171851565478,James:Luxapodular:0.176551090021,James:James Gilles:Jonathan Feinberg:1.77516895812,Jonathan Feinberg:Luca Damasco:Luxapodular:0.000336114864655,James:James Gilles:Luxapodular:0.150579725298,Luca Damasco:Luxapodular:0.00159865746281,James:18.978788085,Luxapodular:2.77520356706,James:Luca Damasco:Luxapodular:0.00165689239853,James Gilles:Jonathan Feinberg:Luca Damasco:0.128168437946,James:Jonathan Feinberg:Luca Damasco:Luxapodular:0.000181706066297,James:James Gilles:Jonathan Feinberg:Luca Damasco:0.0166595626935,James Gilles:Luxapodular:1.15846787415,James Gilles:124.532316873,James:James Gilles:Jonathan Feinberg:Luca Damasco:Luxapodular:0.000154976384143,Jonathan Feinberg:Luca Damasco:0.0361314834574,James:James Gilles:Luca Damasco:Luxapodular:0.00141315696317,James:Jonathan Feinberg:Luca Damasco:0.0195329347759,James Gilles:Luca Damasco:Luxapodular:0.0108719612798	
processing.py:runtime/src/jycessing/mode/export/MacExport.java	273	James Gilles:39:0,James:3:4,James:3:2,James:10:3,James Gilles:60:0,James Gilles:11:15,James Gilles:2:4,James Gilles:2:2,James Gilles:34:4,James Gilles:141:16,James Gilles:5:4,James Gilles:29:30,James Gilles:1:1,James Gilles:12:10,James Gilles:3:3,James Gilles:16:9,James Gilles:1:1,James Gilles:5:0,James Gilles:8:0,Jonathan Feinberg:12:10,Luca Damasco:2:2,Luxapodular:4:3,Luxapodular:2:1,Jonathan Feinberg:1:2,Jonathan Feinberg:4:3,Jonathan Feinberg:40:48	289	James Gilles:Luca Damasco:1.35898223798,James:Jonathan Feinberg:Luxapodular:0.00975511262919,Jonathan Feinberg:8.21611118804,James:James Gilles:Jonathan Feinberg:Luxapodular:0.0179783967052,James Gilles:Jonathan Feinberg:41.7003877437,James:James Gilles:7.49429767494,James Gilles:Jonathan Feinberg:Luca Damasco:Luxapodular:0.0032601216084,James:James Gilles:Luca Damasco:0.0468068557075,Jonathan Feinberg:Luxapodular:0.34668491095,James:Jonathan Feinberg:0.779322310563,James Gilles:Jonathan Feinberg:Luxapodular:0.521981693078,James:Luca Damasco:0.0253974899281,Luca Damasco:0.165884935751,James:Luxapodular:0.0509011326852,James:James Gilles:Jonathan Feinberg:1.43626897947,Jonathan Feinberg:Luca Damasco:Luxapodular:0.000543505127032,James:James Gilles:Luxapodular:0.0938093480768,Luca Damasco:Luxapodular:0.00207645310522,James:4.06642033182,Luxapodular:2.01553666628,James:Luca Damasco:Luxapodular:0.000317911307541,James Gilles:Jonathan Feinberg:Luca Damasco:0.260446557733,James:Jonathan Feinberg:Luca Damasco:Luxapodular:6.09271434162e-05,James:James Gilles:Jonathan Feinberg:Luca Damasco:0.00897045164139,James Gilles:Luxapodular:2.72364455733,James Gilles:217.588156104,James:James Gilles:Jonathan Feinberg:Luca Damasco:Luxapodular:0.000112287002323,Jonathan Feinberg:Luca Damasco:0.0434198647932,James:James Gilles:Luca Damasco:Luxapodular:0.000585901549404,James:Jonathan Feinberg:Luca Damasco:0.00486738431303,James Gilles:Luca Damasco:Luxapodular:0.0170109653129	
processing.py:runtime/src/jycessing/mode/export/PlatformExport.java	121	James Gilles:27:0,James Gilles:2:17,James Gilles:0:1,James:5:0,James Gilles:108:2,James Gilles:4:4,James Gilles:1:1,James Gilles:2:1,Luxapodular:10:9,Luxapodular:4:3,Jonathan Feinberg:1:2,Jonathan Feinberg:2:2,Jonathan Feinberg:13:16	124	James Gilles:93.6431400918,James:Jonathan Feinberg:Luxapodular:0.0392795336936,Jonathan Feinberg:Luxapodular:0.346384947057,James:James Gilles:Luxapodular:0.0550299650892,James:Jonathan Feinberg:0.420844399473,James Gilles:Jonathan Feinberg:Luxapodular:1.09963231368,James:3.34498980309,Jonathan Feinberg:1.59288537549,James:James Gilles:Jonathan Feinberg:Luxapodular:0.00692350469638,James Gilles:Jonathan Feinberg:11.781557905,Luxapodular:2.75316510639,James:James Gilles:0.589595915056,James:Luxapodular:0.3122047955,James:James Gilles:Jonathan Feinberg:0.0741790419135,James Gilles:Luxapodular:8.74018730203	
processing.py:runtime/src/jycessing/mode/export/WindowsExport.java	276	James Gilles:40:0,James:7:7,James:3:3,James:8:3,James Gilles:1:6,James Gilles:1:0,James Gilles:217:1,James Gilles:22:18,James Gilles:14:7,James Gilles:3:2,James Gilles:5:4,James Gilles:12:6,James Gilles:0:4,James Gilles:2:1,Jonathan Feinberg:19:15,Luca Damasco:2:2,Luxapodular:2:1,Luxapodular:3:2,Jonathan Feinberg:1:2,Jonathan Feinberg:36:38	287	James Gilles:Luca Damasco:1.37699070434,James:Jonathan Feinberg:Luxapodular:0.00690135108224,Jonathan Feinberg:9.05599021821,James:James Gilles:Jonathan Feinberg:Luxapodular:0.0151171131663,James Gilles:Jonathan Feinberg:40.8401506597,James:James Gilles:8.35892524731,James Gilles:Jonathan Feinberg:Luca Damasco:Luxapodular:0.00249028717098,James:James Gilles:Luca Damasco:0.0533548420041,Jonathan Feinberg:Luxapodular:0.315886409997,James:Jonathan Feinberg:0.722429417504,James Gilles:Jonathan Feinberg:Luxapodular:0.39014499012,James:Luca Damasco:0.0243578580484,Luca Damasco:0.173231296646,James:Luxapodular:0.036454772922,James:James Gilles:Jonathan Feinberg:1.58245061423,Jonathan Feinberg:Luca Damasco:Luxapodular:0.000544447462574,James:James Gilles:Luxapodular:0.0798526145312,Luca Damasco:Luxapodular:0.0016548744661,James:3.81606442759,Luxapodular:2.01119096779,James:Luca Damasco:Luxapodular:0.000232690039927,James Gilles:Jonathan Feinberg:Luca Damasco:0.260681812721,James:Jonathan Feinberg:Luca Damasco:Luxapodular:4.40511771207e-05,James:James Gilles:Jonathan Feinberg:Luca Damasco:0.0101007486015,James Gilles:Luxapodular:2.06084965856,James Gilles:215.72854368,James:James Gilles:Jonathan Feinberg:Luca Damasco:Luxapodular:9.64922117001e-05,Jonathan Feinberg:Luca Damasco:0.0569924437348,James:James Gilles:Luca Damasco:Luxapodular:0.000509697539561,James:Jonathan Feinberg:Luca Damasco:0.00461125160109,James Gilles:Luca Damasco:Luxapodular:0.0131543595227	
processing.py:runtime/src/jycessing/mode/run/ModeService.java	19	Jonathan Feinberg:12:0,Jonathan Feinberg:1:1,Jonathan Feinberg:4:0,Jonathan Feinberg:5:5,Jonathan Feinberg:2:2,Jonathan Feinberg:3:0	19	Jonathan Feinberg:19.8	
processing.py:runtime/src/jycessing/mode/run/ModeWaiter.java	8	Jonathan Feinberg:8:0	8	Jonathan Feinberg:8	
processing.py:runtime/src/jycessing/mode/run/OSXAdapter.java	233	Jonathan Feinberg:230:0,Jonathan Feinberg:10:17,Jonathan Feinberg:14:8,Jonathan Feinberg:20:16	236	Jonathan Feinberg:236.4	
processing.py:runtime/src/jycessing/mode/run/PdeSketch.java	143	James:130:0,James:2:1,James:0:10,James:10:5,James:1:0,James Gilles:1:1,James Gilles:1:0,James Gilles:0:1,James Gilles:12:0,Jonathan Feinberg:6:10,Jonathan Feinberg:2:5,Luca Damasco:1:1,Luxapodular:2:1,Jonathan Feinberg:4:4,Jonathan Feinberg:9:5,Jonathan Feinberg:6:0	145	James Gilles:Luca Damasco:0.0743293359945,James:Jonathan Feinberg:Luxapodular:0.0858699666679,Jonathan Feinberg:11.6762250832,James:James Gilles:Jonathan Feinberg:Luxapodular:0.00060996819259,James Gilles:Jonathan Feinberg:1.31846496242,James:James Gilles:0.747013201601,James Gilles:Jonathan Feinberg:Luca Damasco:Luxapodular:6.06930782961e-05,James:James Gilles:Luca Damasco:0.00507022535024,Jonathan Feinberg:Luxapodular:0.0703234856822,James:Jonathan Feinberg:12.6610495298,James Gilles:Jonathan Feinberg:Luxapodular:0.00894211353562,James:Luca Damasco:0.713775057639,Luca Damasco:0.0934517392657,James:Luxapodular:0.713237171386,James:James Gilles:Jonathan Feinberg:0.0899364212852,Jonathan Feinberg:Luca Damasco:Luxapodular:7.55749334707e-05,James:James Gilles:Luxapodular:0.00506640453234,Luca Damasco:Luxapodular:0.000633809836768,James:105.162858492,Luxapodular:1.03494104013,James:Luca Damasco:Luxapodular:0.00484097627637,James Gilles:Jonathan Feinberg:Luca Damasco:0.00894885721099,James:Jonathan Feinberg:Luca Damasco:Luxapodular:0.000582827828063,James:James Gilles:Jonathan Feinberg:Luca Damasco:0.000610428198768,James Gilles:Luxapodular:0.0742733229305,James Gilles:10.9511888365,James:James Gilles:Jonathan Feinberg:Luca Damasco:Luxapodular:4.14005560581e-06,Jonathan Feinberg:Luca Damasco:0.0111431040795,James:James Gilles:Luca Damasco:Luxapodular:3.43873610792e-05,James:Jonathan Feinberg:Luca Damasco:0.0859347253155,James Gilles:Luca Damasco:Luxapodular:0.000504117576451	
processing.py:runtime/src/jycessing/mode/run/RMIUtils.java	129	Jonathan Feinberg:81:0,Jonathan Feinberg:8:9,Jonathan Feinberg:2:0,Jonathan Feinberg:11:1,Jonathan Feinberg:3:1,Jonathan Feinberg:2:2,Jonathan Feinberg:8:2,Jonathan Feinberg:31:2	130	Jonathan Feinberg:130.6	
processing.py:runtime/src/jycessing/mode/run/SketchRunner.java	254	Jonathan Feinberg:148:0,Jonathan Feinberg:3:0,Jonathan Feinberg:4:14,Jonathan Feinberg:42:14,Jonathan Feinberg:11:0,Jonathan Feinberg:5:6,Jonathan Feinberg:19:26,Jonathan Feinberg:1:1,Jonathan Feinberg:13:15,Jonathan Feinberg:28:0,Jonathan Feinberg:31:19,Jonathan Feinberg:14:2,Jonathan Feinberg:6:9,Jonathan Feinberg:6:0,Jonathan Feinberg:18:10,Jonathan Feinberg:13:1,James Gilles:1:1,James:6:4,Jonathan Feinberg:0:1,Jonathan Feinberg:1:1,Jonathan Feinberg:4:0,Jonathan Feinberg:4:3,Jonathan Feinberg:54:55,Jonathan Feinberg:4:0	269	James Gilles:0.0785268592124,James:Jonathan Feinberg:4.02804932633,James:1.91168615412,Jonathan Feinberg:262.767969207,James Gilles:Jonathan Feinberg:0.8997320564,James:James Gilles:0.0011267305427,James:James Gilles:Jonathan Feinberg:0.0129096668116	
processing.py:runtime/src/jycessing/mode/run/SketchService.java	12	Jonathan Feinberg:14:0,Jonathan Feinberg:1:5,Jonathan Feinberg:2:0,James:3:1,Jonathan Feinberg:0:2	12	James:1.80422535211,Jonathan Feinberg:9.62253521127,James:Jonathan Feinberg:0.77323943662	
processing.py:runtime/src/jycessing/mode/run/SketchServiceManager.java	131	Jonathan Feinberg:193:0,Jonathan Feinberg:2:0,Jonathan Feinberg:3:8,Jonathan Feinberg:8:24,Jonathan Feinberg:53:12,Jonathan Feinberg:5:9,Jonathan Feinberg:20:1,Jonathan Feinberg:1:0,Jonathan Feinberg:6:1,Jonathan Feinberg:26:21,Jonathan Feinberg:13:6,Jonathan Feinberg:6:7,Jonathan Feinberg:10:1,Jonathan Feinberg:40:199,Jonathan Feinberg:5:2,Jonathan Feinberg:1:2,Jonathan Feinberg:18:1,Jonathan Feinberg:4:4,Jonathan Feinberg:6:0,Jonathan Feinberg:8:0,Luxapodular:2:1,Jonathan Feinberg:0:1,Jonathan Feinberg:5:4	142	Luxapodular:1.06444132115,Jonathan Feinberg:Luxapodular:0.921503865074,Jonathan Feinberg:140.714054814	
processing.py:runtime/src/jycessing/mode/run/SketchServiceProcess.java	260	Jonathan Feinberg:193:0,Jonathan Feinberg:2:0,Jonathan Feinberg:3:8,Jonathan Feinberg:8:24,Jonathan Feinberg:53:12,Jonathan Feinberg:5:9,Jonathan Feinberg:20:1,Jonathan Feinberg:1:0,Jonathan Feinberg:6:1,Jonathan Feinberg:26:21,Jonathan Feinberg:13:6,Jonathan Feinberg:6:7,Jonathan Feinberg:10:1,Jonathan Feinberg:59:81,Jonathan Feinberg:2:2,Jonathan Feinberg:2:2,Jonathan Feinberg:12:1,Jonathan Feinberg:1:0,Jonathan Feinberg:3:18,Jonathan Feinberg:5:0,Jonathan Feinberg:13:11,Jonathan Feinberg:7:2,Jonathan Feinberg:2:1,James:5:3,James:0:2,James:4:0,James Gilles:1:0,Luxapodular:6:4,Jonathan Feinberg:1:2,Jonathan Feinberg:2:4,Jonathan Feinberg:5:0,Jonathan Feinberg:18:15,Jonathan Feinberg:5:1	277	James Gilles:0.913789013624,James:Jonathan Feinberg:Luxapodular:0.0414928909902,Jonathan Feinberg:Luxapodular:3.5745503615,James:Jonathan Feinberg:2.99901395435,James Gilles:Jonathan Feinberg:Luxapodular:0.000850208072814,James:5.74075334157,Jonathan Feinberg:261.452593881,James Gilles:Jonathan Feinberg:0.0614511501518,Luxapodular:2.22343620409,James:Luxapodular:0.0794262568396,James Gilles:Luxapodular:0.0126427380824	
processing.py:runtime/src/jycessing/mode/run/WrappedPrintStream.java	147	Jonathan Feinberg:111:0,Jonathan Feinberg:19:19,Jonathan Feinberg:27:1,Jonathan Feinberg:11:1,Jonathan Feinberg:3:3	149	Jonathan Feinberg:149.4	
processing.py:runtime/src/jycessing/primitives/PrimitiveFloat.java	22	Ralf Biedert:13:0,Ralf Biedert:1:1,Ralf Biedert:9:0,Jonathan Feinberg:1:1	22	Jonathan Feinberg:Ralf Biedert:0.9,Jonathan Feinberg:0.1,Ralf Biedert:21.2	
processing.py:runtime/src/jycessing/pyde_preprocessor.py	96	Luxapodular:102:0,Luxapodular:33:33,Jonathan Feinberg:3:12,Jonathan Feinberg:17:26,Jonathan Feinberg:8:3,Jonathan Feinberg:2:2,Jonathan Feinberg:7:0	101	Luxapodular:68.1253816984,Jonathan Feinberg:Luxapodular:19.2025686121,Jonathan Feinberg:14.4720496894	
processing.py:testing/resources/data/foo.py	1	Jonathan Feinberg:1:0	1	Jonathan Feinberg:1	
processing.py:testing/resources/imported_module.py	2	Jonathan Feinberg:2:0,Jonathan Feinberg:2:2	2	Jonathan Feinberg:2.2	
processing.py:testing/resources/imported_module_with_pvector.py	5	Jonathan Feinberg:5:0,Jonathan Feinberg:1:1	5	Jonathan Feinberg:5.1	
processing.py:testing/resources/test_c_logical_and.py	5	Jonathan Feinberg:5:0	5	Jonathan Feinberg:5	
processing.py:testing/resources/test_c_logical_or.py	5	Jonathan Feinberg:5:0	5	Jonathan Feinberg:5	
processing.py:testing/resources/test_color.py	18	Jonathan Feinberg:11:0,Jonathan Feinberg:7:0	18	Jonathan Feinberg:18	
processing.py:testing/resources/test_constrain.py	9	Jonathan Feinberg:9:0	9	Jonathan Feinberg:9	
processing.py:testing/resources/test_exit.py	6	Jonathan Feinberg:6:0,Luca Damasco:1:1	6	Jonathan Feinberg:Luca Damasco:0.9,Jonathan Feinberg:5.1,Luca Damasco:0.1	
processing.py:testing/resources/test_filter.py	29	Jonathan Feinberg:27:0,Luca Damasco:3:1	29	Luca Damasco:2.1,Jonathan Feinberg:26.1,Jonathan Feinberg:Luca Damasco:0.9	
processing.py:testing/resources/test_from_future_with_settings.py	8	Jonathan Feinberg:8:0	8	Jonathan Feinberg:8	
processing.py:testing/resources/test_g.py	16	Jonathan Feinberg:9:0,Jonathan Feinberg:7:0	16	Jonathan Feinberg:16	
processing.py:testing/resources/test_hex.py	6	Jonathan Feinberg:6:0,Jonathan Feinberg:2:2	6	Jonathan Feinberg:6.2	
processing.py:testing/resources/test_import.py	5	Jonathan Feinberg:4:0,Jonathan Feinberg:2:1	5	Jonathan Feinberg:5.1	
processing.py:testing/resources/test_inherit_str.py	12	Jonathan Feinberg:11:0,Jonathan Feinberg:1:0,Jonathan Feinberg:1:1	12	Jonathan Feinberg:12.1	
processing.py:testing/resources/test_keyPressed_redefined.py	12	Jonathan Feinberg:12:0	12	Jonathan Feinberg:12	
processing.py:testing/resources/test_key_before_key_event.py	7	Jonathan Feinberg:6:0,Jonathan Feinberg:2:1	7	Jonathan Feinberg:7.1	
processing.py:testing/resources/test_lerp_color_before_setup.py	6	Jonathan Feinberg:6:0	6	Jonathan Feinberg:6	
processing.py:testing/resources/test_lerp_color_static_mode.py	3	Jonathan Feinberg:3:0	3	Jonathan Feinberg:3	
processing.py:testing/resources/test_load_in_initializer.py	9	Jonathan Feinberg:14:0,Jonathan Feinberg:1:1,Jonathan Feinberg:2:2,Jonathan Feinberg:1:2,Jonathan Feinberg:1:3,Jonathan Feinberg:1:0,Ralf Biedert:1:1,Jonathan Feinberg:1:7,Jonathan Feinberg:1:1,Luca Damasco:5:2	9	Jonathan Feinberg:Ralf Biedert:0.354193916373,Luca Damasco:Ralf Biedert:0.0111456522908,Jonathan Feinberg:4.61484593838,Ralf Biedert:0.0309601452521,Luca Damasco:3.2,Jonathan Feinberg:Luca Damasco:Ralf Biedert:0.127509809894,Jonathan Feinberg:Luca Damasco:1.66134453782	
processing.py:testing/resources/test_loadthings.py	41	Jonathan Feinberg:32:0,Allison Parrish:9:0	41	Jonathan Feinberg:32,Allison Parrish:9	
processing.py:testing/resources/test_map.py	9	Jonathan Feinberg:9:0,Jonathan Feinberg:1:0,Jonathan Feinberg:0:1	9	Jonathan Feinberg:9.0	
processing.py:testing/resources/test_md5.py	6	Jonathan Feinberg:4:0,Jonathan Feinberg:1:0,Jonathan Feinberg:3:2	6	Jonathan Feinberg:6.2	
processing.py:testing/resources/test_millis.py	5	Jonathan Feinberg:5:0,Jonathan Feinberg:2:2	5	Jonathan Feinberg:5.2	
processing.py:testing/resources/test_mixed_mode_error.py	8	Jonathan Feinberg:6:0,Jonathan Feinberg:4:2	8	Jonathan Feinberg:8.2	
processing.py:testing/resources/test_mixed_smooth_error.py	8	Jonathan Feinberg:8:0	8	Jonathan Feinberg:8	
processing.py:testing/resources/test_pcore.py	3	Jonathan Feinberg:2:0,Jonathan Feinberg:1:0	3	Jonathan Feinberg:3	
processing.py:testing/resources/test_pixels.py	40	Jonathan Feinberg:40:0,Jonathan Feinberg:2:2	40	Jonathan Feinberg:40.2	
processing.py:testing/resources/test_pmatrixprint.py	3	Jonathan Feinberg:3:0	3	Jonathan Feinberg:3	
processing.py:testing/resources/test_primitives.py	5	Ralf Biedert:5:0	5	Ralf Biedert:5	
processing.py:testing/resources/test_pvector.py	140	Jonathan Feinberg:6:0,Jonathan Feinberg:18:1,Jonathan Feinberg:34:14,Jonathan Feinberg:1:0,James Gilles:28:0,James Gilles:9:2,Jonathan Feinberg:12:0,Jonathan Feinberg:9:1,Jonathan Feinberg:5:0,Jonathan Feinberg:8:0,Adam Parrish:10:0,Jonathan Feinberg:13:0,Jonathan Feinberg:3:0,Jonathan Feinberg:5:3	142	James Gilles:34.185024376,Adam Parrish:Jonathan Feinberg:0.19313304721,Adam Parrish:9.80686695279,Jonathan Feinberg:95.7857142857,James Gilles:Jonathan Feinberg:2.12926133827	
processing.py:testing/resources/test_pvector_in_imported_module.py	4	Jonathan Feinberg:4:0	4	Jonathan Feinberg:4	
processing.py:testing/resources/test_randint_domain_regression.py	4	Jonathan Feinberg:4:0	4	Jonathan Feinberg:4	
processing.py:testing/resources/test_set.py	31	Jonathan Feinberg:11:0,Jonathan Feinberg:9:1,Jonathan Feinberg:1:0,Jonathan Feinberg:15:4	31	Jonathan Feinberg:31.5	
processing.py:testing/resources/test_static_size.py	5	Jonathan Feinberg:2:0,Jonathan Feinberg:1:0,Luca Damasco:2:0,Jonathan Feinberg:3:3	5	Luca Damasco:0.92,Jonathan Feinberg:3.3,Jonathan Feinberg:Luca Damasco:1.08	
processing.py:testing/resources/test_syspathappend.py	11	Jonathan Feinberg:11:0	11	Jonathan Feinberg:11	
processing.py:testing/resources/test_thread.py	25	Jonathan Feinberg:25:0	25	Jonathan Feinberg:25	
processing.py:testing/resources/test_unicode.py	3	Jonathan Feinberg:2:0,Jonathan Feinberg:1:0	3	Jonathan Feinberg:3	
processing.py:testing/resources/test_unittest.py	13	Jonathan Feinberg:13:0	13	Jonathan Feinberg:13	
processing.py:testing/resources/test_urllib.py	3	Jonathan Feinberg:2:0,Jonathan Feinberg:1:0	3	Jonathan Feinberg:3	
processing.py:testing/resources/test_urllib2.py	3	Jonathan Feinberg:2:0,Jonathan Feinberg:1:0	3	Jonathan Feinberg:3	
processing.py:testing/resources/test_writethings.py	25	Allison Parrish:25:0	25	Allison Parrish:25	
processing.py:testing/src/test/jycessing/JycessingTests.java	338	Jonathan Feinberg:17:0,Jonathan Feinberg:45:6,Jonathan Feinberg:5:0,Jonathan Feinberg:9:3,Jonathan Feinberg:32:4,Jonathan Feinberg:5:0,Jonathan Feinberg:1:1,Jonathan Feinberg:6:0,Jonathan Feinberg:9:2,Jonathan Feinberg:13:13,Jonathan Feinberg:13:13,Jonathan Feinberg:9:4,Jonathan Feinberg:5:0,Jonathan Feinberg:5:0,Jonathan Feinberg:4:5,Jonathan Feinberg:2:2,Jonathan Feinberg:5:10,Ralf Biedert:1:1,Ralf Biedert:5:0,Ralf Biedert:5:0,Jonathan Feinberg:5:0,Jonathan Feinberg:10:0,Jonathan Feinberg:0:6,Jonathan Feinberg:2:2,Jonathan Feinberg:12:4,Jonathan Feinberg:20:11,Jonathan Feinberg:6:0,Jonathan Feinberg:1:1,Jonathan Feinberg:3:1,Jonathan Feinberg:29:7,Jonathan Feinberg:15:7,Jonathan Feinberg:1:1,Jonathan Feinberg:13:1,Jonathan Feinberg:6:4,Jonathan Feinberg:7:2,Jonathan Feinberg:5:0,Jonathan Feinberg:7:2,Jonathan Feinberg:2:2,Jonathan Feinberg:33:23,Jonathan Feinberg:1:0,James Gilles:9:4,James Gilles:1:1,James Gilles:1:0,James:4:19,James:0:5,Jonathan Feinberg:5:0,Jonathan Feinberg:0:1,Jonathan Feinberg:12:0,Jonathan Feinberg:22:0,Jonathan Feinberg:0:12,Jonathan Feinberg:4:0,Jonathan Feinberg:10:0,Jonathan Feinberg:5:0,Jonathan Feinberg:5:0,Jonathan Feinberg:8:2,Jonathan Feinberg:8:2,Jonathan Feinberg:10:0,Allison Parrish:6:0,Jonathan Feinberg:23:9,Jonathan Feinberg:12:0,Jonathan Feinberg:6:0,Jonathan Feinberg:5:0,Jonathan Feinberg:6:0	357	James Gilles:5.4102133789,James Gilles:Jonathan Feinberg:Ralf Biedert:0.0593795878907,Jonathan Feinberg:Ralf Biedert:3.24442554878,James:Ralf Biedert:0.0820796383301,James:Jonathan Feinberg:2.90890481905,James:James Gilles:Jonathan Feinberg:Ralf Biedert:0.000849966268019,Jonathan Feinberg:329.800320969,James:Jonathan Feinberg:Ralf Biedert:0.046441081414,Ralf Biedert:5.73417473334,James Gilles:Jonathan Feinberg:3.91448668423,James:James Gilles:0.0774424181473,Allison Parrish:Jonathan Feinberg:0.154826377827,James:0.358799472996,James:James Gilles:Jonathan Feinberg:0.0560324137703,James Gilles:Ralf Biedert:0.104947063029,James:James Gilles:Ralf Biedert:0.00150222436144,Allison Parrish:5.84517362217	
processing.py:testing/src/test/jycessing/TestSketch.java	67	James:63:0,James:6:5,James Gilles:8:0,Jonathan Feinberg:2:7	67	James Gilles:7.26335315101,James:58.56078478,Jonathan Feinberg:0.2,James:Jonathan Feinberg:1.49093935791,James Gilles:Jonathan Feinberg:0.184922711058	
processing.py:testmode.sh	23	Jonathan Feinberg:11:0,Jonathan Feinberg:1:0,Jonathan Feinberg:1:1,Jonathan Feinberg:15:7,Jonathan Feinberg:2:2,Jonathan Feinberg:1:1,Jonathan Feinberg:8:5,Jonathan Feinberg:1:1,Jonathan Feinberg:8:8,Jonathan Feinberg:2:2,Jonathan Feinberg:1:1	25	Jonathan Feinberg:25.8	
processing.py:workspace/example.py	33	Ralf Biedert:12:0,Ralf Biedert:1:1,Ralf Biedert:24:3	33	Ralf Biedert:33.4	
